datetime,first,second,third,fourth,fifth
2022-07-16 05:00:00+00:00,0.0,0.0,0.8645995563735901,0.0,0.02038793713719383
2022-07-16 06:00:00+00:00,0.0,0.0,0.8601160979753646,0.0,0.02038793713719383
2022-07-16 07:00:00+00:00,0.0,0.0,0.8561045825664261,0.0,0.02038793713719383
2022-07-16 08:00:00+00:00,0.0,0.0,0.8504412666949832,0.0,0.02038793713719383
2022-07-16 09:00:00+00:00,0.0,0.0,0.8485534947378358,0.0,0.02038793713719383
2022-07-16 10:00:00+00:00,0.0,0.0,0.8393506064467413,0.0,0.02038793713719383
2022-07-16 11:00:00+00:00,0.0,0.0,0.8365189485110199,0.0,0.02038793713719383
2022-07-16 12:00:00+00:00,0.0,0.0,0.8542168106092785,0.0,0.02038793713719383
2022-07-16 13:00:00+00:00,0.0,0.0,0.8287318891877862,0.0,0.020765491528623347
2022-07-16 14:00:00+00:00,0.0,0.0,0.8325074331020814,0.0,0.020576714332908582
2022-07-16 15:00:00+00:00,0.0,0.0,0.8306196611449337,0.0,0.020576714332908582
2022-07-16 16:00:00+00:00,0.0,0.0,0.8296757751663599,0.0,0.02038793713719383
2022-07-16 17:00:00+00:00,0.0,0.0,0.8237764878002738,0.0,0.02038793713719383
2022-07-16 18:00:00+00:00,0.0,0.0,0.8164613714663269,0.0,0.02038793713719383
2022-07-16 19:00:00+00:00,0.0,0.0,0.820236915380622,0.0,0.02038793713719383
2022-07-16 20:00:00+00:00,0.0,0.0,0.813393742035962,0.0,0.02038793713719383
2022-07-16 21:00:00+00:00,0.0,0.0,0.8103261126055972,0.0,0.02038793713719383
2022-07-16 22:00:00+00:00,0.0,0.0,0.8041908537448678,0.0,0.02038793713719383
2022-07-16 23:00:00+00:00,0.0,0.0,0.80230308178772,0.0,0.02038793713719383
2022-07-17 00:00:00+00:00,0.0,0.0,0.8060786257020153,0.0,0.02038793713719383
2022-07-17 01:00:00+00:00,0.0,0.0,0.8008872528198594,0.0,0.02038793713719383
2022-07-17 02:00:00+00:00,0.0,0.0,0.8020671102930766,0.0,0.021331823115767614
2022-07-17 03:00:00+00:00,0.0,0.0,0.8138656850252491,0.0,0.022275709094341407
2022-07-17 04:00:00+00:00,0.0,0.0,0.8126858275520319,0.0,0.022086931898626646
2022-07-17 05:00:00+00:00,0.0,0.0,0.8240124592949172,0.0,0.022653263485770923
2022-07-17 06:00:00+00:00,0.0,0.0,0.8240124592949172,0.0,0.022653263485770923
2022-07-17 07:00:00+00:00,0.0,0.0,0.8334513190806551,0.0,0.022653263485770923
2022-07-17 08:00:00+00:00,0.0,0.0,0.8317995186181509,0.0,0.022653263485770923
2022-07-17 09:00:00+00:00,0.0,0.0,0.8405304639199586,0.0,0.022653263485770923
2022-07-17 10:00:00+00:00,0.0,0.0,0.8400585209306717,0.0,0.022653263485770923
2022-07-17 11:00:00+00:00,0.0,0.0,0.847609608759262,0.0,0.022653263485770923
2022-07-17 12:00:00+00:00,0.0,0.0,0.8584642975128605,0.0,0.022653263485770923
2022-07-17 13:00:00+00:00,0.0,0.0,0.8457218368021143,0.0,0.022653263485770923
2022-07-17 14:00:00+00:00,0.0,0.0,0.8497333522110531,0.0,0.022653263485770923
2022-07-17 15:00:00+00:00,0.0,0.0,0.8480815517485489,0.0,0.022653263485770923
2022-07-17 16:00:00+00:00,0.0,0.0,0.8410024069092455,0.0,0.022653263485770923
2022-07-17 17:00:00+00:00,0.0,0.0,0.842890178866393,0.0,0.022653263485770923
2022-07-17 18:00:00+00:00,0.0,0.0,0.8485534947378358,0.0,0.022464486290056162
2022-07-17 19:00:00+00:00,0.0,0.0,0.8391146349520979,0.0,0.022086931898626646
2022-07-17 20:00:00+00:00,0.0,0.0,0.8391146349520979,0.0,0.020954268724338098
2022-07-17 21:00:00+00:00,0.0,0.0,0.8400585209306717,0.0,0.020765491528623347
2022-07-17 22:00:00+00:00,0.0,0.0,0.8343952050592288,0.0,0.020765491528623347
2022-07-17 23:00:00+00:00,0.0,0.0,0.8268441172306386,0.0,0.02114304592005286
2022-07-18 00:00:00+00:00,0.0,0.0,0.8216527443484827,0.0,0.02189815470291189
2022-07-18 01:00:00+00:00,0.0,0.0,0.8228326018217,0.0,0.022275709094341407
2022-07-18 02:00:00+00:00,0.0,0.0,0.8221246873377696,0.0,0.022653263485770923
2022-07-18 03:00:00+00:00,0.0,0.0,0.8240124592949172,0.0,0.022653263485770923
2022-07-18 04:00:00+00:00,0.0,0.0,0.8334513190806551,0.0,0.022653263485770923
2022-07-18 05:00:00+00:00,0.0,0.0,0.8259002312520648,0.0,0.022653263485770923
2022-07-18 06:00:00+00:00,0.0,0.0,0.8322714616074378,0.0,0.022653263485770923
2022-07-18 07:00:00+00:00,0.0,0.0,0.8317995186181509,0.0,0.022653263485770923
2022-07-18 08:00:00+00:00,0.0,0.0,0.8249563452734912,0.0,0.022653263485770923
2022-07-18 09:00:00+00:00,0.0,0.0,0.8306196611449337,0.0,0.022653263485770923
2022-07-18 10:00:00+00:00,0.0,0.0,0.8287318891877862,0.0,0.022653263485770923
2022-07-18 11:00:00+00:00,0.0,0.0,0.8249563452734912,0.0,0.022653263485770923
2022-07-18 12:00:00+00:00,0.0,0.0,0.8391146349520979,0.0,0.022653263485770923
2022-07-18 13:00:00+00:00,0.0,0.0,0.8277880032092124,0.0,0.022653263485770923
2022-07-18 14:00:00+00:00,0.0,0.0,0.8240124592949172,0.0,0.022653263485770923
2022-07-18 15:00:00+00:00,0.0,0.0,0.8183491434234745,0.0,0.022653263485770923
2022-07-18 16:00:00+00:00,0.0,0.0,0.8169333144556138,0.0,0.022653263485770923
2022-07-18 17:00:00+00:00,0.0,0.0,0.8195290008966917,0.0,0.022653263485770923
2022-07-18 18:00:00+00:00,0.0,0.0,0.8209448298645523,0.0,0.022653263485770923
2022-07-18 19:00:00+00:00,0.0,0.0,0.8079663976591628,0.0,0.022464486290056162
2022-07-18 20:00:00+00:00,0.0,0.0,0.8060786257020153,0.0,0.021331823115767614
2022-07-18 21:00:00+00:00,0.0,0.0,0.8008872528198594,0.0,0.020954268724338098
2022-07-18 22:00:00+00:00,0.0,0.0,0.7919203360234085,0.0,0.02038793713719383
2022-07-18 23:00:00+00:00,0.0,0.0,0.7973476804002076,0.0,0.020765491528623347
2022-07-19 00:00:00+00:00,0.0,0.0,0.7883807636037568,0.0,0.020576714332908582
2022-07-19 01:00:00+00:00,0.0,0.0,0.7848411911841051,0.0,0.020576714332908582
2022-07-19 02:00:00+00:00,0.0,0.0,0.7824814762376706,0.0,0.02170937750719713
2022-07-19 03:00:00+00:00,0.0,0.0,0.7864929916466092,0.0,0.022464486290056162
2022-07-19 04:00:00+00:00,0.0,0.0,0.7834253622162444,0.0,0.022653263485770923
2022-07-19 05:00:00+00:00,0.0,0.0,0.7909764500448346,0.0,0.022653263485770923
2022-07-19 06:00:00+00:00,0.0,0.0,0.789088678087687,0.0,0.022653263485770923
2022-07-19 07:00:00+00:00,0.0,0.0,0.7916843645287649,0.0,0.022653263485770923
2022-07-19 08:00:00+00:00,0.0,0.0,0.7909764500448346,0.0,0.022653263485770923
2022-07-19 09:00:00+00:00,0.0,0.0,0.7916843645287649,0.0,0.022653263485770923
2022-07-19 10:00:00+00:00,0.0,0.0,0.7975836518948511,0.0,0.022653263485770923
2022-07-19 11:00:00+00:00,0.0,0.0,0.7919203360234085,0.0,0.022653263485770923
2022-07-19 12:00:00+00:00,0.0,0.0,0.807022511680589,0.0,0.022653263485770923
2022-07-19 13:00:00+00:00,0.0,0.0,0.7931001934966257,0.0,0.022653263485770923
2022-07-19 14:00:00+00:00,0.0,0.0,0.7973476804002076,0.0,0.022653263485770923
2022-07-19 15:00:00+00:00,0.0,0.0,0.7966397659162775,0.0,0.022653263485770923
2022-07-19 16:00:00+00:00,0.0,0.0,0.7928642220019823,0.0,0.022653263485770923
2022-07-19 17:00:00+00:00,0.0,0.0,0.7914483930341216,0.0,0.022653263485770923
2022-07-19 18:00:00+00:00,0.0,0.0,0.7860210486573224,0.0,0.022275709094341407
2022-07-19 19:00:00+00:00,0.0,0.0,0.7836613337108878,0.0,0.021331823115767614
2022-07-19 20:00:00+00:00,0.0,0.0,0.7770541318608712,0.0,0.020954268724338098
2022-07-19 21:00:00+00:00,0.0,0.0,0.7680872150644202,0.0,0.02038793713719383
2022-07-19 22:00:00+00:00,0.0,0.0,0.7645476426447686,0.0,0.020765491528623347
2022-07-19 23:00:00+00:00,0.0,0.0,0.7532210109018831,0.0,0.020765491528623347
2022-07-20 00:00:00+00:00,0.0,0.0,0.7496814384822313,0.0,0.020765491528623347
2022-07-20 01:00:00+00:00,0.0,0.0,0.7428382651375715,0.0,0.021331823115767614
2022-07-20 02:00:00+00:00,0.0,0.0,0.7350512058143377,0.0,0.022464486290056162
2022-07-20 03:00:00+00:00,0.0,0.0,0.7371749492661287,0.0,0.022653263485770923
2022-07-20 04:00:00+00:00,0.0,0.0,0.7357591202982681,0.0,0.022653263485770923
2022-07-20 05:00:00+00:00,0.0,0.0,0.7298598329321819,0.0,0.022653263485770923
2022-07-20 06:00:00+00:00,0.0,0.0,0.7317476048893294,0.0,0.022653263485770923
2022-07-20 07:00:00+00:00,0.0,0.0,0.7338713483411204,0.0,0.022653263485770923
2022-07-20 08:00:00+00:00,0.0,0.0,0.7312756619000426,0.0,0.022653263485770923
2022-07-20 09:00:00+00:00,0.0,0.0,0.7275001179857473,0.0,0.022653263485770923
2022-07-20 10:00:00+00:00,0.0,0.0,0.7260842890178867,0.0,0.022653263485770923
2022-07-20 11:00:00+00:00,0.0,0.0,0.7239605455660957,0.0,0.022653263485770923
2022-07-20 12:00:00+00:00,0.0,0.0,0.7418943791589976,0.0,0.022842040681485678
2022-07-20 13:00:00+00:00,0.0,0.0,0.7213648591250177,0.0,0.022653263485770923
2022-07-20 14:00:00+00:00,0.0,0.0,0.7182972296946528,0.0,0.022653263485770923
2022-07-20 15:00:00+00:00,0.0,0.0,0.7185332011892964,0.0,0.022653263485770923
2022-07-20 16:00:00+00:00,0.0,0.0,0.7187691726839397,0.0,0.022653263485770923
2022-07-20 17:00:00+00:00,0.0,0.0,0.7145216857803578,0.0,0.022653263485770923
2022-07-20 18:00:00+00:00,0.0,0.0,0.7072065694464108,0.0,0.022464486290056162
2022-07-20 19:00:00+00:00,0.0,0.0,0.7017792250696115,0.0,0.022086931898626646
2022-07-20 20:00:00+00:00,0.0,0.0,0.7015432535749683,0.0,0.02114304592005286
2022-07-20 21:00:00+00:00,0.0,0.0,0.6869130209070745,0.0,0.020576714332908582
2022-07-20 22:00:00+00:00,0.0,0.0,0.6677993298409552,0.0,0.02038793713719383
2022-07-20 23:00:00+00:00,0.0,0.0,0.6616640709802255,0.0,0.02038793713719383
2022-07-21 00:00:00+00:00,0.0,0.0,0.6442021803766106,0.0,0.020576714332908582
2022-07-21 01:00:00+00:00,0.0,0.0,0.6399546934730285,0.0,0.020954268724338098
2022-07-21 02:00:00+00:00,0.0,0.0,0.6307518051819341,0.0,0.02170937750719713
2022-07-21 03:00:00+00:00,0.0,0.0,0.6262683467837085,0.0,0.022275709094341407
2022-07-21 04:00:00+00:00,0.0,0.0,0.624380574826561,0.0,0.022653263485770923
2022-07-21 05:00:00+00:00,0.0,0.0,0.6203690594176223,0.0,0.022653263485770923
2022-07-21 06:00:00+00:00,0.0,0.0,0.6151776865354665,0.0,0.022653263485770923
2022-07-21 07:00:00+00:00,0.0,0.0,0.6116381141158148,0.0,0.022653263485770923
2022-07-21 08:00:00+00:00,0.0,0.0,0.6121100571051017,0.0,0.022653263485770923
2022-07-21 09:00:00+00:00,0.0,0.0,0.6114021426211714,0.0,0.022653263485770923
2022-07-21 10:00:00+00:00,0.0,0.0,0.6078625702015198,0.0,0.022653263485770923
2022-07-21 11:00:00+00:00,0.0,0.0,0.6137618575676059,0.0,0.022653263485770923
2022-07-21 12:00:00+00:00,0.0,0.0,0.6236726603426307,0.0,0.022653263485770923
2022-07-21 13:00:00+00:00,0.0,0.0,0.6109301996318846,0.0,0.022653263485770923
2022-07-21 14:00:00+00:00,0.0,0.0,0.6151776865354665,0.0,0.022653263485770923
2022-07-21 15:00:00+00:00,0.0,0.0,0.6142338005568928,0.0,0.022653263485770923
2022-07-21 16:00:00+00:00,0.0,0.0,0.6123460285997452,0.0,0.022653263485770923
2022-07-21 17:00:00+00:00,0.0,0.0,0.6076265987068762,0.0,0.022653263485770923
2022-07-21 18:00:00+00:00,0.0,0.0,0.6085704846854499,0.0,0.022653263485770923
2022-07-21 19:00:00+00:00,0.0,0.0,0.5981877389211384,0.0,0.022464486290056162
2022-07-21 20:00:00+00:00,0.0,0.0,0.5920524800604088,0.0,0.02170937750719713
2022-07-21 21:00:00+00:00,0.0,0.0,0.5819057057907405,0.0,0.02152060031148238
2022-07-21 22:00:00+00:00,0.0,0.0,0.5755344754353674,0.0,0.021331823115767614
2022-07-21 23:00:00+00:00,0.0,0.0,0.5606682712728303,0.0,0.020765491528623347
2022-07-22 00:00:00+00:00,0.0,0.0,0.5491056680353015,0.0,0.020765491528623347
2022-07-22 01:00:00+00:00,0.0,0.0,0.544150266647789,0.0,0.02170937750719713
2022-07-22 02:00:00+00:00,0.0,0.0,0.5408466657227807,0.0,0.022653263485770923
2022-07-22 03:00:00+00:00,0.0,0.0,0.5325876634102601,0.0,0.022464486290056162
2022-07-22 04:00:00+00:00,0.0,0.0,0.5314078059370428,0.0,0.022464486290056162
2022-07-22 05:00:00+00:00,0.0,0.0,0.5335315493888338,0.0,0.022653263485770923
2022-07-22 06:00:00+00:00,0.0,0.0,0.5271603190334608,0.0,0.022464486290056162
2022-07-22 07:00:00+00:00,0.0,0.0,0.5222049176459483,0.0,0.022653263485770923
2022-07-22 08:00:00+00:00,0.0,0.0,0.5155977157959318,0.0,0.022653263485770923
2022-07-22 09:00:00+00:00,0.0,0.0,0.5205531171834442,0.0,0.022653263485770923
2022-07-22 10:00:00+00:00,0.0,0.0,0.517249516258436,0.0,0.022653263485770923
2022-07-22 11:00:00+00:00,0.0,0.0,0.5210250601727312,0.0,0.022653263485770923
2022-07-22 12:00:00+00:00,0.0,0.0,0.5332955778941904,0.0,0.022653263485770923
2022-07-22 13:00:00+00:00,0.0,0.0,0.5184293737316532,0.0,0.022653263485770923
2022-07-22 14:00:00+00:00,0.0,0.0,0.5233847751191657,0.0,0.022653263485770923
2022-07-22 15:00:00+00:00,0.0,0.0,0.5200811741941574,0.0,0.022653263485770923
2022-07-22 16:00:00+00:00,0.0,0.0,0.5184293737316532,0.0,0.022653263485770923
2022-07-22 17:00:00+00:00,0.0,0.0,0.5217329746566616,0.0,0.022653263485770923
2022-07-22 18:00:00+00:00,0.0,0.0,0.5212610316673747,0.0,0.022086931898626646
2022-07-22 19:00:00+00:00,0.0,0.0,0.513002029354854,0.0,0.022275709094341407
2022-07-22 20:00:00+00:00,0.0,0.0,0.5146538298173581,0.0,0.022086931898626646
2022-07-22 21:00:00+00:00,0.0,0.0,0.5080466279673416,0.0,0.021331823115767614
2022-07-22 22:00:00+00:00,0.0,0.0,0.5033271980744727,0.0,0.020576714332908582
2022-07-22 23:00:00+00:00,0.0,0.0,0.497191939213743,0.0,0.020765491528623347
2022-07-23 00:00:00+00:00,0.0,0.0,0.4844494785029968,0.0,0.020765491528623347
2022-07-23 01:00:00+00:00,0.0,0.0,0.47642644768511966,0.0,0.020765491528623347
2022-07-23 02:00:00+00:00,0.0,0.0,0.4688753598565294,0.0,0.02170937750719713
2022-07-23 03:00:00+00:00,0.0,0.0,0.4662796734154514,0.0,0.022275709094341407
2022-07-23 04:00:00+00:00,0.0,0.0,0.4719429892868942,0.0,0.022653263485770923
2022-07-23 05:00:00+00:00,0.0,0.0,0.4658077304261645,0.0,0.022653263485770923
2022-07-23 06:00:00+00:00,0.0,0.0,0.46745953088866876,0.0,0.022653263485770923
2022-07-23 07:00:00+00:00,0.0,0.0,0.4693473028458162,0.0,0.022653263485770923
2022-07-23 08:00:00+00:00,0.0,0.0,0.46745953088866865,0.0,0.022653263485770923
2022-07-23 09:00:00+00:00,0.0,0.0,0.4672235593940252,0.0,0.022653263485770923
2022-07-23 10:00:00+00:00,0.0,0.0,0.47477464722261553,0.0,0.022653263485770923
2022-07-23 11:00:00+00:00,0.0,0.0,0.4735947897493982,0.0,0.022653263485770923
2022-07-23 12:00:00+00:00,0.0,0.0,0.49176459483694374,0.0,0.022653263485770923
2022-07-23 13:00:00+00:00,0.0,0.0,0.47689839067440654,0.0,0.022653263485770923
2022-07-23 14:00:00+00:00,0.0,0.0,0.4818537920619189,0.0,0.022653263485770923
2022-07-23 15:00:00+00:00,0.0,0.0,0.48680919344943135,0.0,0.022653263485770923
2022-07-23 16:00:00+00:00,0.0,0.0,0.4844494785029969,0.0,0.022653263485770923
2022-07-23 17:00:00+00:00,0.0,0.0,0.48822502241729204,0.0,0.022653263485770923
2022-07-23 18:00:00+00:00,0.0,0.0,0.4879890509226486,0.0,0.022464486290056162
2022-07-23 19:00:00+00:00,0.0,0.0,0.48303364953513617,0.0,0.02114304592005286
2022-07-23 20:00:00+00:00,0.0,0.0,0.48138184907263204,0.0,0.020954268724338098
2022-07-23 21:00:00+00:00,0.0,0.0,0.4790221341261976,0.0,0.020576714332908582
2022-07-23 22:00:00+00:00,0.0,0.0,0.4802019915994148,0.0,0.02038793713719383
2022-07-23 23:00:00+00:00,0.0,0.0,0.4738307612440418,0.0,0.020765491528623347
2022-07-24 00:00:00+00:00,0.0,0.0,0.45967247156543484,0.0,0.02152060031148238
2022-07-24 01:00:00+00:00,0.0,0.0,0.46179621501722595,0.0,0.02114304592005286
2022-07-24 02:00:00+00:00,0.0,0.0,0.45754872811364394,0.0,0.02189815470291189
2022-07-24 03:00:00+00:00,0.0,0.0,0.45920052857614796,0.0,0.022464486290056162
2022-07-24 04:00:00+00:00,0.0,0.0,0.46038038604936526,0.0,0.022653263485770923
2022-07-24 05:00:00+00:00,0.0,0.0,0.4620321865118694,0.0,0.022653263485770923
2022-07-24 06:00:00+00:00,0.0,0.0,0.46226815800651283,0.0,0.022653263485770923
2022-07-24 07:00:00+00:00,0.0,0.0,0.4693473028458162,0.0,0.022653263485770923
2022-07-24 08:00:00+00:00,0.0,0.0,0.4709991033083204,0.0,0.022653263485770923
2022-07-24 09:00:00+00:00,0.0,0.0,0.4724149322761811,0.0,0.022653263485770923
2022-07-24 10:00:00+00:00,0.0,0.0,0.4780782481476238,0.0,0.022653263485770923
2022-07-24 11:00:00+00:00,0.0,0.0,0.48303364953513617,0.0,0.022653263485770923
2022-07-24 12:00:00+00:00,0.0,0.0,0.49530416725659543,0.0,0.022653263485770923
2022-07-24 13:00:00+00:00,0.0,0.0,0.48822502241729204,0.0,0.022653263485770923
2022-07-24 14:00:00+00:00,0.0,0.0,0.49648402472981273,0.0,0.022653263485770923
2022-07-24 15:00:00+00:00,0.0,0.0,0.49813582519231675,0.0,0.022653263485770923
2022-07-24 16:00:00+00:00,0.0,0.0,0.5014394261173251,0.0,0.022464486290056162
2022-07-24 17:00:00+00:00,0.0,0.0,0.5014394261173251,0.0,0.022464486290056162
2022-07-24 18:00:00+00:00,0.0,0.0,0.49601208174052575,0.0,0.02189815470291189
2022-07-24 19:00:00+00:00,0.0,0.0,0.49105668035301336,0.0,0.02114304592005286
2022-07-24 20:00:00+00:00,0.0,0.0,0.4943602812780216,0.0,0.022275709094341407
2022-07-24 21:00:00+00:00,0.0,0.0,0.4827976780404928,0.0,0.02114304592005286
2022-07-24 22:00:00+00:00,0.0,0.0,0.4827976780404928,0.0,0.020765491528623347
2022-07-24 23:00:00+00:00,0.0,0.0,0.4761904761904762,0.0,0.021331823115767614
2022-07-25 00:00:00+00:00,0.0,0.0,0.4719429892868942,0.0,0.02170937750719713
2022-07-25 01:00:00+00:00,0.0,0.0,0.4658077304261645,0.0,0.02152060031148238
2022-07-25 02:00:00+00:00,0.0,0.0,0.46108830053329564,0.0,0.022275709094341407
2022-07-25 03:00:00+00:00,0.0,0.0,0.4646278729529474,0.0,0.022653263485770923
2022-07-25 04:00:00+00:00,0.0,0.0,0.46297607249044315,0.0,0.022653263485770923
2022-07-25 05:00:00+00:00,0.0,0.0,0.4662796734154514,0.0,0.022653263485770923
2022-07-25 06:00:00+00:00,0.0,0.0,0.4669875878993817,0.0,0.022653263485770923
2022-07-25 07:00:00+00:00,0.0,0.0,0.4655717589315211,0.0,0.022653263485770923
2022-07-25 08:00:00+00:00,0.0,0.0,0.4669875878993817,0.0,0.022653263485770923
2022-07-25 09:00:00+00:00,0.0,0.0,0.46226815800651283,0.0,0.022653263485770923
2022-07-25 10:00:00+00:00,0.0,0.0,0.46533578743687765,0.0,0.022653263485770923
2022-07-25 11:00:00+00:00,0.0,0.0,0.46863938836188596,0.0,0.022653263485770923
2022-07-25 12:00:00+00:00,0.0,0.0,0.48350559252442304,0.0,0.022653263485770923
2022-07-25 13:00:00+00:00,0.0,0.0,0.4698192458351031,0.0,0.022653263485770923
2022-07-25 14:00:00+00:00,0.0,0.0,0.4684034168672425,0.0,0.023030817877200436
2022-07-25 15:00:00+00:00,0.0,0.0,0.47170701779225077,0.0,0.022653263485770923
2022-07-25 16:00:00+00:00,0.0,0.0,0.4577846996082874,0.0,0.022653263485770923
2022-07-25 17:00:00+00:00,0.0,0.0,0.42805229128321304,0.0,0.022653263485770923
2022-07-25 18:00:00+00:00,0.0,0.0,0.4240407758742744,0.0,0.022653263485770923
2022-07-25 19:00:00+00:00,0.0,0.0,0.4209731464439096,0.0,0.022653263485770923
2022-07-25 20:00:00+00:00,0.0,0.0,0.41766954551890134,0.0,0.022653263485770923
2022-07-25 21:00:00+00:00,0.0,0.0,0.4077587427438766,0.0,0.022275709094341407
2022-07-25 22:00:00+00:00,0.0,0.0,0.40610694228137245,0.0,0.02170937750719713
2022-07-25 23:00:00+00:00,0.0,0.0,0.3895889376563311,0.0,0.022086931898626646
2022-07-26 00:00:00+00:00,0.0,0.0,0.3813299353438105,0.0,0.022464486290056162
2022-07-26 01:00:00+00:00,0.0,0.0,0.37802633441880223,0.0,0.022464486290056162
2022-07-26 02:00:00+00:00,0.0,0.0,0.3631601302562651,0.0,0.022653263485770923
2022-07-26 03:00:00+00:00,0.0,0.0,0.35702487139553546,0.0,0.022653263485770923
2022-07-26 04:00:00+00:00,0.0,0.0,0.35678889990089196,0.0,0.022653263485770923
2022-07-26 05:00:00+00:00,0.0,0.0,0.3560809854169617,0.0,0.022653263485770923
2022-07-26 06:00:00+00:00,0.0,0.0,0.3544291849544575,0.0,0.022653263485770923
2022-07-26 07:00:00+00:00,0.0,0.0,0.3577327858794658,0.0,0.022653263485770923
2022-07-26 08:00:00+00:00,0.0,0.0,0.35112558402944927,0.0,0.022653263485770923
2022-07-26 09:00:00+00:00,0.0,0.0,0.3449903251687196,0.0,0.022653263485770923
2022-07-26 10:00:00+00:00,0.0,0.0,0.3487658690830148,0.0,0.022653263485770923
2022-07-26 11:00:00+00:00,0.0,0.0,0.3485298975883714,0.0,0.022653263485770923
2022-07-26 12:00:00+00:00,0.0,0.0,0.365755816697343,0.0,0.022653263485770923
2022-07-26 13:00:00+00:00,0.0,0.0,0.35041766954551895,0.0,0.022842040681485678
2022-07-26 14:00:00+00:00,0.0,0.0,0.34900184057765826,0.0,0.022842040681485678
2022-07-26 15:00:00+00:00,0.0,0.0,0.3473500401151541,0.0,0.022842040681485678
2022-07-26 16:00:00+00:00,0.0,0.0,0.3440464391901459,0.0,0.022653263485770923
2022-07-26 17:00:00+00:00,0.0,0.0,0.35065364104016233,0.0,0.022653263485770923
2022-07-26 18:00:00+00:00,0.0,0.0,0.3445183821794327,0.0,0.022464486290056162
2022-07-26 19:00:00+00:00,0.0,0.0,0.340978809759781,0.0,0.022275709094341407
2022-07-26 20:00:00+00:00,0.0,0.0,0.33319175043654725,0.0,0.022464486290056162
2022-07-26 21:00:00+00:00,0.0,0.0,0.33342772193119075,0.0,0.022653263485770923
2022-07-26 22:00:00+00:00,0.0,0.0,0.3221010901883053,0.0,0.022275709094341407
2022-07-26 23:00:00+00:00,0.0,0.0,0.31549388833828873,0.0,0.022653263485770923
2022-07-27 00:00:00+00:00,0.0,0.0,0.3098305724668461,0.0,0.022653263485770923
2022-07-27 01:00:00+00:00,0.0,0.0,0.300863655670395,0.0,0.022464486290056162
2022-07-27 02:00:00+00:00,0.0,0.0,0.2926046533578744,0.0,0.022653263485770923
2022-07-27 03:00:00+00:00,0.0,0.0,0.2921327103685875,0.0,0.022653263485770923
2022-07-27 04:00:00+00:00,0.0,0.0,0.2901741469630469,0.0,0.022653263485770923
2022-07-27 05:00:00+00:00,0.0,0.0,0.29161357308037195,0.0,0.022653263485770923
2022-07-27 06:00:00+00:00,0.0,0.0,0.29163717022983626,0.0,0.022653263485770923
2022-07-27 07:00:00+00:00,0.0,0.0,0.2902213412619755,0.0,0.022653263485770923
2022-07-27 08:00:00+00:00,0.0,0.0,0.2916607673793006,0.0,0.022653263485770923
2022-07-27 09:00:00+00:00,0.0,0.0,0.28609184010571526,0.0,0.022653263485770923
2022-07-27 10:00:00+00:00,0.0,0.0,0.2916607673793006,0.0,0.023030817877200436
2022-07-27 11:00:00+00:00,0.0,0.0,0.29031572985983295,0.0,0.02321959507291519
2022-07-27 12:00:00+00:00,0.0,0.0,0.30463919958469016,0.0,0.023785926660059464
2022-07-27 13:00:00+00:00,0.0,0.0,0.29059889565340513,0.0,0.024163481051488984
2022-07-27 14:00:00+00:00,0.0,0.0,0.2944216338666289,0.0,0.023785926660059464
2022-07-27 15:00:00+00:00,0.0,0.0,0.29437443956770026,0.0,0.023408372268629952
2022-07-27 16:00:00+00:00,0.0,0.0,0.29873991221860396,0.0,0.022653263485770923
2022-07-27 17:00:00+00:00,0.0,0.0,0.29590825428288264,0.0,0.022653263485770923
2022-07-27 18:00:00+00:00,0.0,0.0,0.29449242531502196,0.0,0.022653263485770923
2022-07-27 19:00:00+00:00,0.0,0.0,0.28889990089197226,0.0,0.022653263485770923
2022-07-27 20:00:00+00:00,0.0,0.0,0.28609184010571526,0.0,0.022653263485770923
2022-07-27 21:00:00+00:00,0.0,0.0,0.2851951484260702,0.0,0.022653263485770923
2022-07-27 22:00:00+00:00,0.0,0.0,0.2782103921846241,0.0,0.022653263485770923
2022-07-27 23:00:00+00:00,0.0,0.0,0.2762754259285478,0.0,0.022653263485770923
2022-07-28 00:00:00+00:00,0.0,0.0,0.2682287979612063,0.0,0.022653263485770923
2022-07-28 01:00:00+00:00,0.0,0.0,0.26287224503280004,0.0,0.022653263485770923
2022-07-28 02:00:00+00:00,0.0,0.0,0.26048893293690123,0.0,0.022653263485770923
2022-07-28 03:00:00+00:00,0.0,0.0,0.2539761196847421,0.0,0.022653263485770923
2022-07-28 04:00:00+00:00,0.0,0.0,0.25836518948511017,0.0,0.022653263485770923
2022-07-28 05:00:00+00:00,0.0,0.0,0.2545660484213507,0.0,0.022653263485770923
2022-07-28 06:00:00+00:00,0.0,0.0,0.2521119448770589,0.0,0.022653263485770923
2022-07-28 07:00:00+00:00,0.0,0.0,0.25239511067063103,0.0,0.022653263485770923
2022-07-28 08:00:00+00:00,0.0,0.0,0.25130964179527115,0.0,0.022653263485770923
2022-07-28 09:00:00+00:00,0.0,0.0,0.25156921043937897,0.0,0.022653263485770923
2022-07-28 10:00:00+00:00,0.0,0.0,0.25185237623295104,0.0,0.022653263485770923
2022-07-28 11:00:00+00:00,0.0,0.0,0.2561234602859975,0.0,0.022842040681485678
2022-07-28 12:00:00+00:00,0.0,0.0,0.26773325782245505,0.0,0.022653263485770923
2022-07-28 13:00:00+00:00,0.0,0.0,0.2594034640615414,0.0,0.023974703855774226
2022-07-28 14:00:00+00:00,0.0,0.0,0.25834159233564585,0.0,0.02359714946434471
2022-07-28 15:00:00+00:00,0.0,0.0,0.261291236018689,0.0,0.023030817877200436
2022-07-28 16:00:00+00:00,0.0,0.0,0.2602529614422578,0.0,0.022653263485770923
2022-07-28 17:00:00+00:00,0.0,0.0,0.2590731039690406,0.0,0.022653263485770923
2022-07-28 18:00:00+00:00,0.0,0.0,0.25937986691207704,0.0,0.022653263485770923
2022-07-28 19:00:00+00:00,0.0,0.0,0.2609844730756525,0.0,0.022653263485770923
2022-07-28 20:00:00+00:00,0.0,0.0,0.25315021945349003,0.0,0.022464486290056162
2022-07-28 21:00:00+00:00,0.0,0.0,0.2587191467270754,0.0,0.022464486290056162
2022-07-28 22:00:00+00:00,0.0,0.0,0.2536221624427769,0.0,0.022464486290056162
2022-07-28 23:00:00+00:00,0.0,0.0,0.24824201236490637,0.0,0.022653263485770923
2022-07-29 00:00:00+00:00,0.0,0.0,0.24451366274953987,0.0,0.022653263485770923
2022-07-29 01:00:00+00:00,0.0,0.0,0.23448487422719339,0.0,0.022653263485770923
2022-07-29 02:00:00+00:00,0.0,0.0,0.2333758082023692,0.0,0.022653263485770923
2022-07-29 03:00:00+00:00,0.0,0.0,0.23347019680022651,0.0,0.022653263485770923
2022-07-29 04:00:00+00:00,0.0,0.0,0.22924630704610885,0.0,0.022275709094341407
2022-07-29 05:00:00+00:00,0.0,0.0,0.22790126952664122,0.0,0.022653263485770923
2022-07-29 06:00:00+00:00,0.0,0.0,0.22539997168342066,0.0,0.022653263485770923
2022-07-29 07:00:00+00:00,0.0,0.0,0.2190759356269763,0.0,0.022653263485770923
2022-07-29 08:00:00+00:00,0.0,0.0,0.21282269101892493,0.0,0.022653263485770923
2022-07-29 09:00:00+00:00,0.0,0.0,0.20482325735051207,0.0,0.022653263485770923
2022-07-29 10:00:00+00:00,0.0,0.0,0.1919156165935155,0.0,0.022653263485770923
2022-07-29 11:00:00+00:00,0.0,0.0,0.18063617914955873,0.0,0.022653263485770923
2022-07-29 12:00:00+00:00,0.0,0.0,0.1859455377790363,0.0,0.022653263485770923
2022-07-29 13:00:00+00:00,0.0,0.0,0.1630327056491576,0.0,0.022653263485770923
2022-07-29 14:00:00+00:00,0.0,0.0,0.1583840672046817,0.0,0.022653263485770923
2022-07-29 15:00:00+00:00,0.0,0.0,0.15208362829770167,0.0,0.022653263485770923
2022-07-29 16:00:00+00:00,0.0,0.0,0.14913398461465854,0.0,0.022653263485770923
2022-07-29 17:00:00+00:00,0.0,0.0,0.1477889470951909,0.0,0.022275709094341407
2022-07-29 18:00:00+00:00,0.0,0.0,0.1531219028741328,0.0,0.02170937750719713
2022-07-29 19:00:00+00:00,0.0,0.0,0.15345226296663364,0.0,0.021331823115767614
2022-07-29 20:00:00+00:00,0.0,0.0,0.14880362452215773,0.0,0.02038793713719383
2022-07-29 21:00:00+00:00,0.0,0.0,0.1573929869271792,0.0,0.02038793713719383
2022-07-29 22:00:00+00:00,0.0,0.0,0.1577705413186087,0.0,0.020199159941479073
2022-07-29 23:00:00+00:00,0.0,0.0,0.16145169663504652,0.0,0.02038793713719383
2022-07-30 00:00:00+00:00,0.0,0.0,0.16506206050309125,0.0,0.02038793713719383
2022-07-30 01:00:00+00:00,0.0,0.0,0.168672424371136,0.0,0.02038793713719383
2022-07-30 02:00:00+00:00,0.0,0.0,0.17070177922506963,0.0,0.02038793713719383
2022-07-30 03:00:00+00:00,0.0,0.0,0.1859455377790363,0.0,0.02038793713719383
2022-07-30 04:00:00+00:00,0.0,0.0,0.18627589787153712,0.0,0.02038793713719383
2022-07-30 05:00:00+00:00,0.0,0.0,0.19654065788852706,0.0,0.02038793713719383
2022-07-30 06:00:00+00:00,0.0,0.0,0.20017461890603616,0.0,0.02038793713719383
2022-07-30 07:00:00+00:00,0.0,0.0,0.20548397753551373,0.0,0.02038793713719383
2022-07-30 08:00:00+00:00,0.0,0.0,0.22063334749162303,0.0,0.020199159941479073
2022-07-30 09:00:00+00:00,0.0,0.0,0.2258955118221719,0.0,0.02038793713719383
2022-07-30 10:00:00+00:00,0.0,0.0,0.2310160932559347,0.0,0.02038793713719383
2022-07-30 11:00:00+00:00,0.0,0.0,0.2356175374014819,0.0,0.02038793713719383
2022-07-30 12:00:00+00:00,0.0,0.0,0.25763367785171554,0.0,0.02038793713719383
2022-07-30 13:00:00+00:00,0.0,0.0,0.25348057954599085,0.0,0.02038793713719383
2022-07-30 14:00:00+00:00,0.0,0.0,0.2564302232290339,0.0,0.02038793713719383
2022-07-30 15:00:00+00:00,0.0,0.0,0.2620699419510123,0.0,0.02038793713719383
2022-07-30 16:00:00+00:00,0.0,0.0,0.2623295105951201,0.0,0.02038793713719383
2022-07-30 17:00:00+00:00,0.0,0.0,0.26671858039548824,0.0,0.02001038274576431
2022-07-30 18:00:00+00:00,0.0,0.0,0.27113124734532074,0.0,0.01868894237576101
2022-07-30 19:00:00+00:00,0.0,0.0,0.2740808910283638,0.0,0.018122610788616735
2022-07-30 20:00:00+00:00,0.0,0.0,0.27025815281514,0.0,0.018122610788616735
2022-07-30 21:00:00+00:00,0.0,0.0,0.2691962810892444,0.0,0.018122610788616735
2022-07-30 22:00:00+00:00,0.0,0.0,0.2694794468828166,0.0,0.01793383359290198
2022-07-30 23:00:00+00:00,0.0,0.0,0.26702534333852473,0.0,0.018122610788616735
2022-07-31 00:00:00+00:00,0.0,0.0,0.26452404549530417,0.0,0.01717872481004295
2022-07-31 01:00:00+00:00,0.0,0.0,0.26214073339940536,0.0,0.017367502005757707
2022-07-31 02:00:00+00:00,0.0,0.0,0.2637689367124451,0.0,0.017556279201472465
2022-07-31 03:00:00+00:00,0.0,0.0,0.25999339279815,0.0,0.018122610788616735
2022-07-31 04:00:00+00:00,0.0,0.0,0.2602057671433291,0.0,0.018122610788616735
2022-07-31 05:00:00+00:00,0.0,0.0,0.2632733965736939,0.0,0.018122610788616735
2022-07-31 06:00:00+00:00,0.0,0.0,0.2661758459578083,0.0,0.018122610788616735
2022-07-31 07:00:00+00:00,0.0,0.0,0.2665534003492378,0.0,0.018122610788616735
2022-07-31 08:00:00+00:00,0.0,0.0,0.2613384303176176,0.0,0.018122610788616735
2022-07-31 09:00:00+00:00,0.0,0.0,0.26025296144225774,0.0,0.018122610788616735
2022-07-31 10:00:00+00:00,0.0,0.0,0.26183397045636886,0.0,0.018122610788616735
2022-07-31 11:00:00+00:00,0.0,0.0,0.26480721128887635,0.0,0.018122610788616735
2022-07-31 12:00:00+00:00,0.0,0.0,0.2762990230780122,0.0,0.018122610788616735
2022-07-31 13:00:00+00:00,0.0,0.0,0.26544433432441367,0.0,0.01850016518004625
2022-07-31 14:00:00+00:00,0.0,0.0,0.2643116711501251,0.0,0.018311387984331493
2022-07-31 15:00:00+00:00,0.0,0.0,0.26735570343102555,0.0,0.018122610788616735
2022-07-31 16:00:00+00:00,0.0,0.0,0.263485770918873,0.0,0.018122610788616735
2022-07-31 17:00:00+00:00,0.0,0.0,0.2637689367124451,0.0,0.018122610788616735
2022-07-31 18:00:00+00:00,0.0,0.0,0.2612912360186889,0.0,0.017556279201472465
2022-07-31 19:00:00+00:00,0.0,0.0,0.2643588654490538,0.0,0.016046061635754404
2022-07-31 20:00:00+00:00,0.0,0.0,0.2563358346311766,0.0,0.015857284440039646
2022-07-31 21:00:00+00:00,0.0,0.0,0.25256029071688146,0.0,0.015857284440039646
2022-07-31 22:00:00+00:00,0.0,0.0,0.2473217235357969,0.0,0.015857284440039646
2022-07-31 23:00:00+00:00,0.0,0.0,0.24623625466043703,0.0,0.01547973004861013
2022-08-01 00:00:00+00:00,0.0,0.0,0.23958185851149183,0.0,0.01547973004861013
2022-08-01 01:00:00+00:00,0.0,0.0,0.23186559063665108,0.0,0.014913398461465858
2022-08-01 02:00:00+00:00,0.0,0.0,0.2214120534239464,0.0,0.015290952852895372
2022-08-01 03:00:00+00:00,0.0,0.0,0.21843881259143896,0.0,0.015857284440039646
2022-08-01 04:00:00+00:00,0.0,0.0,0.21874557553447546,0.0,0.015857284440039646
2022-08-01 05:00:00+00:00,0.0,0.0,0.2141205342394639,0.0,0.015857284440039646
2022-08-01 06:00:00+00:00,0.0,0.0,0.21114729340695645,0.0,0.015857284440039646
2022-08-01 07:00:00+00:00,0.0,0.0,0.21482844872339424,0.0,0.015857284440039646
2022-08-01 08:00:00+00:00,0.0,0.0,0.20682901505498139,0.0,0.015857284440039646
2022-08-01 09:00:00+00:00,0.0,0.0,0.2071593751474822,0.0,0.015857284440039646
2022-08-01 10:00:00+00:00,0.0,0.0,0.20253433385247063,0.0,0.015857284440039646
2022-08-01 11:00:00+00:00,0.0,0.0,0.2045164944074756,0.0,0.015857284440039646
2022-08-01 12:00:00+00:00,0.0,0.0,0.21610269479446884,0.0,0.016046061635754404
2022-08-01 13:00:00+00:00,0.0,0.0,0.20185001651800463,0.0,0.016046061635754404
2022-08-01 14:00:00+00:00,0.0,0.0,0.20546038038604936,0.0,0.01661239322289868
2022-08-01 15:00:00+00:00,0.0,0.0,0.20385577422247395,0.0,0.015857284440039646
2022-08-01 16:00:00+00:00,0.0,0.0,0.20546038038604936,0.0,0.015857284440039646
2022-08-01 17:00:00+00:00,0.0,0.0,0.200504978998537,0.0,0.015857284440039646
2022-08-01 18:00:00+00:00,0.0,0.0,0.20215677946104113,0.0,0.01547973004861013
2022-08-01 19:00:00+00:00,0.0,0.0,0.1971777809240644,0.0,0.013969512482892068
2022-08-01 20:00:00+00:00,0.0,0.0,0.18724338099957527,0.0,0.013591958091462552
2022-08-01 21:00:00+00:00,0.0,0.0,0.18391618292510267,0.0,0.012459294917174006
2022-08-01 22:00:00+00:00,0.0,0.0,0.17730898107508614,0.0,0.011326631742885462
2022-08-01 23:00:00+00:00,0.0,0.0,0.16904997876256547,0.0,0.011326631742885462
2022-08-02 00:00:00+00:00,0.0,0.0,0.16409457737505312,0.0,0.010193968568596916
2022-08-02 01:00:00+00:00,0.0,0.0,0.15583557506253248,0.0,0.009061305394308368
2022-08-02 02:00:00+00:00,0.0,0.0,0.1425975742130351,0.0,0.009061305394308368
2022-08-02 03:00:00+00:00,0.0,0.0,0.14424937467553922,0.0,0.009061305394308368
2022-08-02 04:00:00+00:00,0.0,0.0,0.13927037613856247,0.0,0.009061305394308368
2022-08-02 05:00:00+00:00,0.0,0.0,0.14094577375053094,0.0,0.009061305394308368
2022-08-02 06:00:00+00:00,0.0,0.0,0.14257397706357072,0.0,0.009061305394308368
2022-08-02 07:00:00+00:00,0.0,0.0,0.13927037613856247,0.0,0.008872528198593611
2022-08-02 08:00:00+00:00,0.0,0.0,0.13091698522818443,0.0,0.008306196611449337
2022-08-02 09:00:00+00:00,0.0,0.0,0.13091698522818443,0.0,0.007362310632875549
2022-08-02 10:00:00+00:00,0.0,0.0,0.13094058237764877,0.0,0.007362310632875549
2022-08-02 11:00:00+00:00,0.0,0.0,0.13094058237764877,0.0,0.006795979045731276
2022-08-02 12:00:00+00:00,0.0,0.0,0.14420218037661053,0.0,0.006795979045731276
2022-08-02 13:00:00+00:00,0.0,0.0,0.1259379866912077,0.0,0.006795979045731276
2022-08-02 14:00:00+00:00,0.0,0.0,0.13091698522818443,0.0,0.006795979045731276
2022-08-02 15:00:00+00:00,0.0,0.0,0.11930718769172687,0.0,0.006229647458587003
2022-08-02 16:00:00+00:00,0.0,0.0,0.1259851809901364,0.0,0.004530652697154184
2022-08-02 17:00:00+00:00,0.0,0.0,0.12093539100476662,0.0,0.004153098305724669
2022-08-02 18:00:00+00:00,0.0,0.0,0.1192835905422625,0.0,0.0026428807400066074
2022-08-02 19:00:00+00:00,0.0,0.0,0.11425739770635708,0.0,0.0018877719571475766
2022-08-02 20:00:00+00:00,0.0,0.0,0.11260559724385295,0.0,0.00018877719571475769
2022-08-02 21:00:00+00:00,0.0,0.0,0.10930199631884469,0.0,0.0
2022-08-02 22:00:00+00:00,0.0,0.0,0.09608759261881164,0.0,0.0
2022-08-02 23:00:00+00:00,0.0,0.0,0.0927839916938034,0.0,0.0
2022-08-03 00:00:00+00:00,0.0,0.0,0.08617678984378686,0.0,0.0
2022-08-03 01:00:00+00:00,0.0,0.0,0.08452498938128274,0.0,0.0
2022-08-03 02:00:00+00:00,0.0,0.0,0.0762659870687621,0.0,0.0
2022-08-03 03:00:00+00:00,0.0,0.0,0.07461418660625797,0.0,0.0
2022-08-03 04:00:00+00:00,0.0,0.0,0.07791778753126623,0.0,0.0
2022-08-03 05:00:00+00:00,0.0,0.0,0.07956958799377035,0.0,0.0
2022-08-03 06:00:00+00:00,0.0,0.0,0.07956958799377035,0.0,0.0
2022-08-03 07:00:00+00:00,0.0,0.0,0.07461418660625797,0.0,0.0
2022-08-03 08:00:00+00:00,0.0,0.0,0.07461418660625796,0.0,0.0
2022-08-03 09:00:00+00:00,0.0,0.0,0.06965878521874558,0.0,0.0
2022-08-03 10:00:00+00:00,0.0,0.0,0.07461418660625797,0.0,0.0
2022-08-03 11:00:00+00:00,0.0,0.0,0.07296238614375383,0.0,0.0
2022-08-03 12:00:00+00:00,0.0,0.0,0.08620038699325122,0.0,0.0
2022-08-03 13:00:00+00:00,0.0,0.0,0.07461418660625797,0.0,0.0
2022-08-03 14:00:00+00:00,0.0,0.0,0.07461418660625796,0.0,0.0
2022-08-03 15:00:00+00:00,0.0,0.0,0.0762659870687621,0.0,0.0
2022-08-03 16:00:00+00:00,0.0,0.0,0.0713105856812497,0.0,0.0
2022-08-03 17:00:00+00:00,0.0,0.0,0.07296238614375383,0.0,0.0
2022-08-03 18:00:00+00:00,0.0,0.0,0.07296238614375383,0.0,0.0
2022-08-03 19:00:00+00:00,0.0,0.0,0.06633158714427297,0.0,0.0
2022-08-03 20:00:00+00:00,0.0,0.0,0.06467978668176885,0.0,0.0
2022-08-03 21:00:00+00:00,0.0,0.0,0.06302798621926473,0.0,0.0
2022-08-03 22:00:00+00:00,0.0,0.0,0.05802539053282364,0.0,0.0
2022-08-03 23:00:00+00:00,0.0,0.0,0.05469819245835104,0.0,0.0
2022-08-04 00:00:00+00:00,0.0,0.0,0.03971400254849214,0.0,0.0
2022-08-04 01:00:00+00:00,0.0,0.0,0.04301760347350041,0.0,0.0
2022-08-04 02:00:00+00:00,0.0,0.0,0.03468780971258672,0.0,0.0
2022-08-04 03:00:00+00:00,0.0,0.0,0.03803860493652366,0.0,0.0
2022-08-04 04:00:00+00:00,0.0,0.0,0.03303600925008259,0.0,0.0
2022-08-04 05:00:00+00:00,0.0,0.0,0.033059606399546936,0.0,0.0
2022-08-04 06:00:00+00:00,0.0,0.0,0.03138420878757846,0.0,0.0
2022-08-04 07:00:00+00:00,0.0,0.0,0.03138420878757846,0.0,0.0
2022-08-04 08:00:00+00:00,0.0,0.0,0.026428807400066073,0.0,0.0
2022-08-04 09:00:00+00:00,0.0,0.0,0.029732408325074334,0.0,0.0
2022-08-04 10:00:00+00:00,0.0,0.0,0.0280806078625702,0.0,0.0
2022-08-04 11:00:00+00:00,0.0,0.0,0.029732408325074334,0.0,0.0
2022-08-04 12:00:00+00:00,0.0,0.0,0.043041200622964744,0.0,0.0
2022-08-04 13:00:00+00:00,0.0,0.0,0.026428807400066073,0.0,0.0
2022-08-04 14:00:00+00:00,0.0,0.0,0.0280806078625702,0.0,0.0
2022-08-04 15:00:00+00:00,0.0,0.0,0.03303600925008259,0.0,0.0
2022-08-04 16:00:00+00:00,0.0,0.0,0.03138420878757846,0.0,0.0
2022-08-04 17:00:00+00:00,0.0,0.0,0.03471140686205107,0.0,0.0
2022-08-04 18:00:00+00:00,0.0,0.0,0.03143140308650715,0.0,0.0
2022-08-04 19:00:00+00:00,0.0,0.0,0.03468780971258672,0.0,0.0
2022-08-04 20:00:00+00:00,0.0,0.0,0.02312520647505781,0.0,0.0
2022-08-04 21:00:00+00:00,0.0,0.0,0.029779602624003018,0.0,0.0
2022-08-04 22:00:00+00:00,0.0,0.0,0.02312520647505781,0.0,0.0
2022-08-04 23:00:00+00:00,0.0,0.0,0.01982160555004955,0.0,0.0
2022-08-05 00:00:00+00:00,0.0,0.0,0.011562603237528906,0.0,0.0
2022-08-05 01:00:00+00:00,0.0,0.0,0.006607201850016518,0.0,0.0
2022-08-05 02:00:00+00:00,0.0,0.0,0.003303600925008259,0.0,0.0
2022-08-05 03:00:00+00:00,0.0,0.0,0.003303600925008259,0.0,0.0
2022-08-05 04:00:00+00:00,0.0,0.0,0.003303600925008259,0.0,0.0
2022-08-05 05:00:00+00:00,0.0,0.0,0.0049554013875123875,0.0,0.0
2022-08-05 06:00:00+00:00,0.0,0.0,0.0049554013875123875,0.0,0.0
2022-08-05 07:00:00+00:00,0.0,0.0,0.0016518004625041295,0.0,0.0
2022-08-05 08:00:00+00:00,0.0,0.0,0.0,0.0,0.0
2022-08-05 09:00:00+00:00,0.0,0.0,0.0,0.0,0.0
2022-08-05 10:00:00+00:00,0.0,0.0,0.0016518004625041295,0.0,0.0
2022-08-05 11:00:00+00:00,0.0,0.0,0.0016518004625041295,0.0,0.0
2022-08-05 12:00:00+00:00,0.0,0.0,0.014889801312001509,0.0,0.0
2022-08-05 13:00:00+00:00,0.0,0.0,0.0,0.0,0.0
2022-08-05 14:00:00+00:00,0.0,0.0,0.006607201850016518,0.0,0.0
2022-08-05 15:00:00+00:00,0.0,0.0,0.006607201850016518,0.0,0.0
2022-08-05 16:00:00+00:00,0.0,0.0,0.0,0.0,0.0
2022-08-05 17:00:00+00:00,0.0,0.0,0.003303600925008259,0.0,0.0
2022-08-05 18:00:00+00:00,0.0,0.0,0.0049554013875123875,0.0,0.0
2022-08-05 19:00:00+00:00,0.0,0.0,0.011562603237528906,0.0,0.0
2022-08-05 20:00:00+00:00,0.0,0.0,0.0,0.0,0.0
2022-08-05 21:00:00+00:00,0.0,0.0,0.0016518004625041295,0.0,0.0
2022-08-05 22:00:00+00:00,0.0,0.0,0.0016518004625041295,0.0,0.0
2022-08-05 23:00:00+00:00,0.0,0.0,0.0016518004625041295,0.0,0.0
2022-08-06 00:00:00+00:00,0.0,0.0,0.0,0.0,0.0
2022-08-06 01:00:00+00:00,0.0,0.0,0.0,0.0,0.0
2022-08-06 02:00:00+00:00,0.0,0.0,0.0,0.0,0.0
2022-08-06 03:00:00+00:00,0.0,0.0,0.0,0.0,0.0
2022-08-06 04:00:00+00:00,0.0,0.0,0.0,0.0,0.0
2022-08-06 05:00:00+00:00,0.0,0.0,0.0,0.0,0.0
2022-08-06 06:00:00+00:00,0.0,0.0,0.0,0.0,0.0
2022-08-06 07:00:00+00:00,0.0,0.0,0.0,0.0,0.0
2022-08-06 08:00:00+00:00,0.0,0.0,0.0,0.0,0.0
2022-08-06 09:00:00+00:00,0.0,0.0,0.0,0.0,0.0
2022-08-06 10:00:00+00:00,0.0,0.0,0.0,0.0,0.0
2022-08-06 11:00:00+00:00,0.0,0.0,0.0,0.0,0.0
2022-08-06 12:00:00+00:00,0.0,0.0,0.009910802775024775,0.0,0.0
2022-08-06 13:00:00+00:00,0.0,0.0,0.0,0.0,0.0
2022-08-06 14:00:00+00:00,0.0,0.0,0.003303600925008259,0.0,0.0
2022-08-06 15:00:00+00:00,0.0,0.0,0.003303600925008259,0.0,0.0
2022-08-06 16:00:00+00:00,0.0,0.0,0.0049554013875123875,0.0,0.0
2022-08-06 17:00:00+00:00,0.0,0.0,0.009910802775024775,0.0,0.0
2022-08-06 18:00:00+00:00,0.0,0.0,0.011562603237528906,0.0,0.0
2022-08-06 19:00:00+00:00,0.0,0.0,0.006607201850016518,0.0,0.0
2022-08-06 20:00:00+00:00,0.0,0.0,0.008259002312520648,0.0,0.0
2022-08-06 21:00:00+00:00,0.0,0.0,0.008259002312520648,0.0,0.0
2022-08-06 22:00:00+00:00,0.0,0.0,0.014866204162537167,0.0,0.0
2022-08-06 23:00:00+00:00,0.0,0.0,0.008259002312520648,0.0,0.0
2022-08-07 00:00:00+00:00,0.0,0.0,0.008259002312520648,0.0,0.0
2022-08-07 01:00:00+00:00,0.0,0.0,0.0016518004625041295,0.0,0.0
2022-08-07 02:00:00+00:00,0.0,0.0,0.0016518004625041295,0.0,0.0
2022-08-07 03:00:00+00:00,0.0,0.0,0.0016518004625041295,0.0,0.0
2022-08-07 04:00:00+00:00,0.0,0.0,0.003303600925008259,0.0,0.0
2022-08-07 05:00:00+00:00,0.0,0.0,0.0049554013875123875,0.0,0.0
2022-08-07 06:00:00+00:00,0.0,0.0,0.003303600925008259,0.0,0.0
2022-08-07 07:00:00+00:00,0.0,0.0,0.003303600925008259,0.0,0.0
2022-08-07 08:00:00+00:00,0.0,0.0,0.006607201850016518,0.0,0.0
2022-08-07 09:00:00+00:00,0.0,0.0,0.009910802775024775,0.0,0.0
2022-08-07 10:00:00+00:00,0.0,0.0,0.011562603237528906,0.0,0.0
2022-08-07 11:00:00+00:00,0.0,0.0,0.009910802775024775,0.0,0.0
2022-08-07 12:00:00+00:00,0.0,0.0,0.02647600169899476,0.0,0.0
2022-08-07 13:00:00+00:00,0.0,0.0,0.018169805087545423,0.0,0.0
2022-08-07 14:00:00+00:00,0.0,0.0,0.01982160555004955,0.0,0.0
2022-08-07 15:00:00+00:00,0.0,0.0,0.016518004625041296,0.0,0.0
2022-08-07 16:00:00+00:00,0.0,0.0,0.01982160555004955,0.0,0.0
2022-08-07 17:00:00+00:00,0.0,0.0,0.01982160555004955,0.0,0.0
2022-08-07 18:00:00+00:00,0.0,0.0,0.018169805087545423,0.0,0.0
2022-08-07 19:00:00+00:00,0.0,0.0,0.021473406012553684,0.0,0.0
2022-08-07 20:00:00+00:00,0.0,0.0,0.021473406012553684,0.0,0.0
2022-08-07 21:00:00+00:00,0.0,0.0,0.018169805087545423,0.0,0.0
2022-08-07 22:00:00+00:00,0.0,0.0,0.02312520647505781,0.0,0.0
2022-08-07 23:00:00+00:00,0.0,0.0,0.011562603237528906,0.0,0.0
2022-08-08 00:00:00+00:00,0.0,0.0,0.011562603237528906,0.0,0.0
2022-08-08 01:00:00+00:00,0.0,0.0,0.008259002312520648,0.0,0.0
2022-08-08 02:00:00+00:00,0.0,0.0,0.011562603237528906,0.0,0.0
2022-08-08 03:00:00+00:00,0.0,0.0,0.013214403700033036,0.0,0.0
2022-08-08 04:00:00+00:00,0.0,0.0,0.018169805087545423,0.0,0.0
2022-08-08 05:00:00+00:00,0.0,0.0,0.016518004625041296,0.0,0.0
2022-08-08 06:00:00+00:00,0.0,0.0,0.01982160555004955,0.0,0.0
2022-08-08 07:00:00+00:00,0.0,0.0,0.016518004625041296,0.0,0.0
2022-08-08 08:00:00+00:00,0.0,0.0,0.026428807400066073,0.0,0.0
2022-08-08 09:00:00+00:00,0.0,0.0,0.029732408325074334,0.0,0.0
2022-08-08 10:00:00+00:00,0.0,0.0,0.03471140686205107,0.0,0.0
2022-08-08 11:00:00+00:00,0.0,0.0,0.03638680447401954,0.0,0.0
2022-08-08 12:00:00+00:00,0.0,0.0,0.05800179338335929,0.0,0.0
2022-08-08 13:00:00+00:00,0.0,0.0,0.04301760347350041,0.0,0.0
2022-08-08 14:00:00+00:00,0.0,0.0,0.048020199159941476,0.0,0.0
2022-08-08 15:00:00+00:00,0.0,0.0,0.0530463919958469,0.0,0.0
2022-08-08 16:00:00+00:00,0.0,0.0,0.06302798621926473,0.0,0.0
2022-08-08 17:00:00+00:00,0.0,0.0,0.06633158714427297,0.0,0.0
2022-08-08 18:00:00+00:00,0.0,0.0,0.06795979045731276,0.0,0.0
2022-08-08 19:00:00+00:00,0.0,0.0,0.06965878521874558,0.0,0.0
2022-08-08 20:00:00+00:00,0.0,0.0,0.06302798621926473,0.0,0.0
2022-08-08 21:00:00+00:00,0.0,0.0,0.06628439284534429,0.0,0.0
2022-08-08 22:00:00+00:00,0.0,0.0,0.06467978668176885,0.0,0.0
2022-08-08 23:00:00+00:00,0.0,0.0,0.056349992920855164,0.0,0.0
2022-08-09 00:00:00+00:00,0.0,0.0,0.04804379630940582,0.0,0.0
2022-08-09 01:00:00+00:00,0.0,0.0,0.05134739723441408,0.0,0.0
2022-08-09 02:00:00+00:00,0.0,0.0,0.043041200622964744,0.0,0.0
2022-08-09 03:00:00+00:00,0.0,0.0,0.0463919958469017,0.0,0.0
2022-08-09 04:00:00+00:00,0.0,0.0,0.04134220586153193,0.0,0.0
2022-08-09 05:00:00+00:00,0.0,0.0,0.0396904053990278,0.0,0.0
2022-08-09 06:00:00+00:00,0.0,0.0,0.043041200622964744,0.0,0.0
2022-08-09 07:00:00+00:00,0.0,0.0,0.04136580301099627,0.0,0.0
2022-08-09 08:00:00+00:00,0.0,0.0,0.04136580301099628,0.0,0.0
2022-08-09 09:00:00+00:00,0.0,0.0,0.04636839869743735,0.0,0.0
2022-08-09 10:00:00+00:00,0.0,0.0,0.04804379630940582,0.0,0.0
2022-08-09 11:00:00+00:00,0.0,0.0,0.049695596771909954,0.0,0.0
2022-08-09 12:00:00+00:00,0.0,0.0,0.06295719477087168,0.0,0.0
2022-08-09 13:00:00+00:00,0.0,0.0,0.049695596771909954,0.0,0.0
2022-08-09 14:00:00+00:00,0.0,0.0,0.04804379630940582,0.0,0.0
2022-08-09 15:00:00+00:00,0.0,0.0,0.05802539053282364,0.0,0.0
2022-08-09 16:00:00+00:00,0.0,0.0,0.05967719099532777,0.0,0.0
2022-08-09 17:00:00+00:00,0.0,0.0,0.06965878521874558,0.0,0.0
2022-08-09 18:00:00+00:00,0.0,0.0,0.0646561895323045,0.0,0.0
2022-08-09 19:00:00+00:00,0.0,0.0,0.06635518429373732,0.0,0.0
2022-08-09 20:00:00+00:00,0.0,0.0,0.06963518806928123,0.0,0.0
2022-08-09 21:00:00+00:00,0.0,0.0,0.06633158714427297,0.0,0.0
2022-08-09 22:00:00+00:00,0.0,0.0,0.056349992920855164,0.0,0.0
2022-08-09 23:00:00+00:00,0.0,0.0,0.056373590070319515,0.0,0.0
2022-08-10 00:00:00+00:00,0.0,0.0,0.05302279484638255,0.0,0.0
2022-08-10 01:00:00+00:00,0.0,0.0,0.048020199159941476,0.0,0.0
2022-08-10 02:00:00+00:00,0.0,0.0,0.04136580301099627,0.0,0.0
2022-08-10 03:00:00+00:00,0.0,0.0,0.04469300108546887,0.0,0.0
2022-08-10 04:00:00+00:00,0.0,0.0,0.04134220586153193,0.0,0.0
2022-08-10 05:00:00+00:00,0.0,0.0,0.043041200622964744,0.0,0.0
2022-08-10 06:00:00+00:00,0.0,0.0,0.046391995846901686,0.0,0.0
2022-08-10 07:00:00+00:00,0.0,0.0,0.04634480154797301,0.0,0.0
2022-08-10 08:00:00+00:00,0.0,0.0,0.04636839869743735,0.0,0.0
2022-08-10 09:00:00+00:00,0.0,0.0,0.04636839869743735,0.0,0.0
2022-08-10 10:00:00+00:00,0.0,0.0,0.048020199159941476,0.0,0.0
2022-08-10 11:00:00+00:00,0.0,0.0,0.05137099438387843,0.0,0.0
2022-08-10 12:00:00+00:00,0.0,0.0,0.06961159091981689,0.0,0.0
2022-08-10 13:00:00+00:00,0.0,0.0,0.056349992920855164,0.0,0.0
2022-08-10 14:00:00+00:00,0.0,0.0,0.06467978668176885,0.0,0.0
2022-08-10 15:00:00+00:00,0.0,0.0,0.06800698475624145,0.0,0.0
2022-08-10 16:00:00+00:00,0.0,0.0,0.0713105856812497,0.0,0.0
2022-08-10 17:00:00+00:00,0.0,0.0,0.07461418660625796,0.0,0.0
2022-08-10 18:00:00+00:00,0.0,0.0,0.07956958799377035,0.0,0.0
2022-08-10 19:00:00+00:00,0.0,0.0,0.07956958799377035,0.0,0.0
2022-08-10 20:00:00+00:00,0.0,0.0,0.08268441172306386,0.0,0.0
2022-08-10 21:00:00+00:00,0.0,0.0,0.08735664731700411,0.0,0.0
2022-08-10 22:00:00+00:00,0.0,0.0,0.09202888291094437,0.0,0.0
2022-08-10 23:00:00+00:00,0.0,0.0,0.09514370664023786,0.0,0.0
2022-08-11 00:00:00+00:00,0.0,0.0,0.09981594223417813,0.0,0.0
2022-08-11 01:00:00+00:00,0.0,0.0,0.10448817782811837,0.0,0.0
2022-08-11 02:00:00+00:00,0.0,0.0,0.10760300155741187,0.0,0.0
2022-08-11 03:00:00+00:00,0.0,0.0,0.11255840294492427,0.0,0.0
2022-08-11 04:00:00+00:00,0.0,0.0,0.1172306385388645,0.0,0.0
2022-08-11 05:00:00+00:00,0.0,0.0,0.12034546226815801,0.0,0.0
2022-08-11 06:00:00+00:00,0.0,0.0,0.12501769786209826,0.0,0.0
2022-08-11 07:00:00+00:00,0.0,0.0,0.12968993345603852,0.0,0.0
2022-08-11 08:00:00+00:00,0.0,0.0,0.13280475718533202,0.0,0.0
2022-08-11 09:00:00+00:00,0.0,0.0,0.13747699277927228,0.0,0.0
2022-08-11 10:00:00+00:00,0.0,0.0,0.1421492283732125,0.0,0.0
2022-08-11 11:00:00+00:00,0.0,0.0,0.14526405210250604,0.0,0.0
2022-08-11 12:00:00+00:00,0.0,0.0,0.14993628769644626,0.0,0.0
2022-08-11 13:00:00+00:00,0.0,0.0,0.17084336212185572,0.0,0.0
2022-08-11 14:00:00+00:00,0.0,0.0,0.13743837926196698,0.0,0.0
2022-08-11 15:00:00+00:00,0.0,0.0,0.15088017367502007,0.0,0.0
2022-08-11 16:00:00+00:00,0.0,0.0,0.15418377460002833,0.0,0.0
2022-08-11 17:00:00+00:00,0.0,0.0,0.16634703255119512,0.0,0.0
2022-08-11 18:00:00+00:00,0.0,0.0,0.17235357968757375,0.0,0.0
2022-08-11 19:00:00+00:00,0.0,0.0,0.18226438246259852,0.0,0.0
2022-08-11 20:00:00+00:00,0.0,0.0,0.1855679833876068,0.0,0.0
2022-08-11 21:00:00+00:00,0.0,0.0,0.18076274567850387,0.0,0.0
2022-08-11 22:00:00+00:00,0.0,0.0,0.1789607815375903,0.0,0.0
2022-08-11 23:00:00+00:00,0.0,0.0,0.1855679833876068,0.0,0.0
2022-08-12 00:00:00+00:00,0.0,0.0,0.18887158431261503,0.0,0.0
2022-08-12 01:00:00+00:00,0.0,0.0,0.19052338477511915,0.0,0.0
2022-08-12 02:00:00+00:00,0.0,0.0,0.19552598046156025,0.0,0.0
2022-08-12 03:00:00+00:00,0.0,0.0,0.19219878238708768,0.0,0.0
2022-08-12 04:00:00+00:00,0.0,0.0,0.20218037661050547,0.0,0.0
2022-08-12 05:00:00+00:00,0.0,0.0,0.20881117560998633,0.0,0.0
2022-08-12 06:00:00+00:00,0.0,0.0,0.20883477275945067,0.0,0.0
2022-08-12 07:00:00+00:00,0.0,0.0,0.21518026076995356,0.0,0.0
2022-08-12 08:00:00+00:00,0.0,0.0,0.2221435650573411,0.0,0.0
2022-08-12 09:00:00+00:00,0.0,0.0,0.23044976166879044,0.0,0.0
2022-08-12 10:00:00+00:00,0.0,0.0,0.23044976166879044,0.0,0.0
2022-08-12 11:00:00+00:00,0.0,0.0,0.23942954963767651,0.0,0.0
2022-08-12 12:00:00+00:00,0.0,0.0,0.2531738166029544,0.0,0.0
2022-08-12 13:00:00+00:00,0.0,0.0,0.24498560573882674,0.0,0.0
2022-08-12 14:00:00+00:00,0.0,0.0,0.2492802869413375,0.0,0.0
2022-08-12 15:00:00+00:00,0.0,0.0,0.25996979564868566,0.0,0.0
2022-08-12 16:00:00+00:00,0.0,0.0,0.26414649110387467,0.0,0.0
2022-08-12 17:00:00+00:00,0.0,0.0,0.2685119637547784,0.0,0.0
2022-08-12 18:00:00+00:00,0.0,0.0,0.272381896266931,0.0,0.0
2022-08-12 19:00:00+00:00,0.0,0.0,0.2752371513521167,0.0,0.0
2022-08-12 20:00:00+00:00,0.0,0.0,0.2782575864835528,0.0,0.0
2022-08-12 21:00:00+00:00,0.0,0.0,0.27120203879371374,0.0,0.0
2022-08-12 22:00:00+00:00,0.0,0.0,0.27254707631318137,0.0,0.0
2022-08-12 23:00:00+00:00,0.0,0.0,0.26565670866959273,0.0,0.0
2022-08-13 00:00:00+00:00,0.0,0.0,0.26549152862334235,0.0,0.0
2022-08-13 01:00:00+00:00,0.0,0.0,0.261291236018689,0.0,0.0
2022-08-13 02:00:00+00:00,0.0,0.0,0.26280145358440704,0.0,0.0
2022-08-13 03:00:00+00:00,0.0,0.0,0.26398131105762423,0.0,0.0
2022-08-13 04:00:00+00:00,0.0,0.0,0.261291236018689,0.0,0.0
2022-08-13 05:00:00+00:00,0.0,0.0,0.2699749870215678,0.0,0.0
2022-08-13 06:00:00+00:00,0.0,0.0,0.26834678370852805,0.0,0.0
2022-08-13 07:00:00+00:00,0.0,0.0,0.26398131105762423,0.0,0.0
2022-08-13 08:00:00+00:00,0.0,0.0,0.26683656614281,0.0,0.0
2022-08-13 09:00:00+00:00,0.0,0.0,0.27261786776157443,0.0,0.0
2022-08-13 10:00:00+00:00,0.0,0.0,0.26969182122799573,0.0,0.0
2022-08-13 11:00:00+00:00,0.0,0.0,0.27254707631318137,0.0,0.0
2022-08-13 12:00:00+00:00,0.0,0.0,0.285596299966964,0.0,0.0
2022-08-13 13:00:00+00:00,0.0,0.0,0.2782575864835528,0.0,0.0
2022-08-13 14:00:00+00:00,0.0,0.0,0.2782575864835528,0.0,0.0
2022-08-13 15:00:00+00:00,0.0,0.0,0.2842040681485677,0.0,0.0
2022-08-13 16:00:00+00:00,0.0,0.0,0.2887347208457219,0.0,0.0
2022-08-13 17:00:00+00:00,0.0,0.0,0.2858086743121431,0.0,0.0
2022-08-13 18:00:00+00:00,0.0,0.0,0.2915663787814432,0.0,0.0
2022-08-13 19:00:00+00:00,0.0,0.0,0.2929822077493039,0.0,0.0
2022-08-13 20:00:00+00:00,0.0,0.0,0.297229694652886,0.0,0.0
2022-08-13 21:00:00+00:00,0.0,0.0,0.28996177261786776,0.0,0.0
2022-08-13 22:00:00+00:00,0.0,0.0,0.30147718155646797,0.0,0.0
2022-08-13 23:00:00+00:00,0.0,0.0,0.2914719901835858,0.0,0.0
2022-08-14 00:00:00+00:00,0.0,0.0,0.282788239180707,0.0,0.0
2022-08-14 01:00:00+00:00,0.0,0.0,0.2796734154514135,0.0,0.0
2022-08-14 02:00:00+00:00,0.0,0.0,0.27254707631318137,0.0,0.0
2022-08-14 03:00:00+00:00,0.0,0.0,0.2752371513521167,0.0,0.0
2022-08-14 04:00:00+00:00,0.0,0.0,0.27674736891783475,0.0,0.0
2022-08-14 05:00:00+00:00,0.0,0.0,0.2856198971164283,0.0,0.0
2022-08-14 06:00:00+00:00,0.0,0.0,0.28571428571428575,0.0,0.0
2022-08-14 07:00:00+00:00,0.0,0.0,0.2959082542828827,0.0,0.0
2022-08-14 08:00:00+00:00,0.0,0.0,0.3029873991221861,0.0,0.0
2022-08-14 09:00:00+00:00,0.0,0.0,0.31738166029543635,0.0,0.0
2022-08-14 10:00:00+00:00,0.0,0.0,0.3190334607579405,0.0,0.0
2022-08-14 11:00:00+00:00,0.0,0.0,0.3249327481240266,0.0,0.0
2022-08-14 12:00:00+00:00,0.0,0.0,0.3497097550615886,0.0,0.0
2022-08-14 13:00:00+00:00,0.0,0.0,0.34947378356694514,0.0,0.0
2022-08-14 14:00:00+00:00,0.0,0.0,0.3603284723205437,0.0,0.0
2022-08-14 15:00:00+00:00,0.0,0.0,0.38557742224739255,0.0,0.0
2022-08-14 16:00:00+00:00,0.0,0.0,0.40115154089386,0.0,0.0
2022-08-14 17:00:00+00:00,0.0,0.0,0.4120062296474586,0.0,0.0
2022-08-14 18:00:00+00:00,0.0,0.0,0.4214450894331965,0.0,0.0
2022-08-14 19:00:00+00:00,0.0,0.0,0.4365472650903771,0.0,0.0
2022-08-14 20:00:00+00:00,0.0,0.0,0.445986124876115,0.0,0.0
2022-08-14 21:00:00+00:00,0.0,0.0,0.4424465524564633,0.0,0.0
2022-08-14 22:00:00+00:00,0.0,0.0,0.4554249846618528,0.0,0.0
2022-08-14 23:00:00+00:00,0.0,0.0,0.4537731841993487,0.0,0.0
2022-08-15 00:00:00+00:00,0.0,0.0,0.46533578743687765,0.0,0.0
2022-08-15 01:00:00+00:00,0.0,0.0,0.47642644768511966,0.0,0.0
2022-08-15 02:00:00+00:00,0.0,0.0,0.48256170654584934,0.0,0.0
2022-08-15 03:00:00+00:00,0.0,0.0,0.5007315116333947,0.0,0.0
2022-08-15 04:00:00+00:00,0.0,0.0,0.5071027419887678,0.0,0.0
2022-08-15 05:00:00+00:00,0.0,0.0,0.5252725470763132,0.0,0.0
2022-08-15 06:00:00+00:00,0.0,0.0,0.535183349851338,0.0,0.0
2022-08-15 07:00:00+00:00,0.0,0.0,0.5469819245835104,0.0,0.0
2022-08-15 08:00:00+00:00,0.0,0.0,0.5627920147246213,0.0,0.0
2022-08-15 09:00:00+00:00,0.0,0.0,0.5807258483175233,0.0,0.0
2022-08-15 10:00:00+00:00,0.0,0.0,0.592760394544339,0.0,0.0
2022-08-15 11:00:00+00:00,0.0,0.0,0.6142338005568928,0.0,0.0
2022-08-15 12:00:00+00:00,0.0,0.0,0.6302798621926473,0.0,0.0
2022-08-15 13:00:00+00:00,0.0,0.0,0.6319316626551513,0.0,0.0
2022-08-15 14:00:00+00:00,0.0,0.0,0.6442021803766106,0.0,0.0
2022-08-15 15:00:00+00:00,0.0,0.0,0.6548208976355656,0.0,0.0
2022-08-15 16:00:00+00:00,0.0,0.0,0.6619000424748691,0.0,0.0
2022-08-15 17:00:00+00:00,0.0,0.0,0.6741705601963284,0.0,0.0
2022-08-15 18:00:00+00:00,0.0,0.0,0.6774741611213366,0.0,0.0
2022-08-15 19:00:00+00:00,0.0,0.0,0.6873849638963614,0.0,0.0
2022-08-15 20:00:00+00:00,0.0,0.0,0.6857331634338573,0.0,0.0
2022-08-15 21:00:00+00:00,0.0,0.0,0.6873849638963614,0.0,0.0
2022-08-15 22:00:00+00:00,0.0,0.0,0.6925763367785172,0.0,0.0
2022-08-15 23:00:00+00:00,0.0,0.0,0.6906885648213696,0.0,0.0
2022-08-16 00:00:00+00:00,0.0,0.0,0.6906885648213696,0.0,0.0
2022-08-16 01:00:00+00:00,0.0,0.0,0.695643966208882,0.0,0.0
2022-08-16 02:00:00+00:00,0.0,0.0,0.697767709660673,0.0,0.0
2022-08-16 03:00:00+00:00,0.0,0.0,0.7064986549624807,0.0,0.0
2022-08-16 04:00:00+00:00,0.0,0.0,0.7116900278446365,0.0,0.0
2022-08-16 05:00:00+00:00,0.0,0.0,0.7206569446410875,0.0,0.0
2022-08-16 06:00:00+00:00,0.0,0.0,0.7225447165982349,0.0,0.0
2022-08-16 07:00:00+00:00,0.0,0.0,0.7348152343196943,0.0,0.0
2022-08-16 08:00:00+00:00,0.0,0.0,0.7383548067393461,0.0,0.0
2022-08-16 09:00:00+00:00,0.0,0.0,0.7473217235357968,0.0,0.0
2022-08-16 10:00:00+00:00,0.0,0.0,0.7489735239983011,0.0,0.0
2022-08-16 11:00:00+00:00,0.0,0.0,0.7487375525036576,0.0,0.0
2022-08-16 12:00:00+00:00,0.0,0.0,0.7690311010429941,0.0,0.0
2022-08-16 13:00:00+00:00,0.0,0.0,0.757940440794752,0.0,0.0
2022-08-16 14:00:00+00:00,0.0,0.0,0.7636037566661948,0.0,0.0
2022-08-16 15:00:00+00:00,0.0,0.0,0.7673793005804899,0.0,0.0
2022-08-16 16:00:00+00:00,0.0,0.0,0.7673793005804899,0.0,0.0
2022-08-16 17:00:00+00:00,0.0,0.0,0.7694386881701054,0.0,0.0
2022-08-16 18:00:00+00:00,0.0,0.0,0.7654915286233424,0.0,0.0
2022-08-16 19:00:00+00:00,0.0,0.0,0.7654915286233424,0.0,0.0
2022-08-16 20:00:00+00:00,0.0,0.0,0.7617159847090472,0.0,0.0
2022-08-16 21:00:00+00:00,0.0,0.0,0.7617159847090472,0.0,0.0
2022-08-16 22:00:00+00:00,0.0,0.0,0.7617159847090472,0.0,0.0
2022-08-16 23:00:00+00:00,0.0,0.0,0.757940440794752,0.0,0.0
2022-08-17 00:00:00+00:00,0.0,0.0,0.7598282127518996,0.0,0.0
2022-08-17 01:00:00+00:00,0.0,0.0,0.754164896880457,0.0,0.0
2022-08-17 02:00:00+00:00,0.0,0.0,0.7671433290858465,0.0,0.0
2022-08-17 03:00:00+00:00,0.0,0.0,0.7692670725376375,0.0,0.0
2022-08-17 04:00:00+00:00,0.0,0.0,0.7730426164519327,0.0,0.0
2022-08-17 05:00:00+00:00,0.0,0.0,0.7893246495823305,0.0,0.0
2022-08-17 06:00:00+00:00,0.0,0.0,0.7857850771626788,0.0,0.0
2022-08-17 07:00:00+00:00,0.0,0.0,0.798055594884138,0.0,0.0
2022-08-17 08:00:00+00:00,0.0,0.0,0.7964037944216339,0.0,0.0
2022-08-17 09:00:00+00:00,0.0,0.0,0.80914625513238,0.0,0.0
2022-08-17 10:00:00+00:00,0.0,0.0,0.8103261126055972,0.0,0.0
2022-08-17 11:00:00+00:00,0.0,0.0,0.8157534569823965,0.0,0.0
2022-08-17 12:00:00+00:00,0.0,0.0,0.8325074331020814,0.0,0.0
2022-08-17 13:00:00+00:00,0.0,0.0,0.8211808013591959,0.0,0.0
2022-08-17 14:00:00+00:00,0.0,0.0,0.8268441172306386,0.0,0.0
2022-08-17 15:00:00+00:00,0.0,0.0,0.8287318891877862,0.0,0.0
2022-08-17 16:00:00+00:00,0.0,0.0,0.8343952050592288,0.0,0.0
2022-08-17 17:00:00+00:00,0.0,0.0,0.8400585209306717,0.0,0.0
2022-08-17 18:00:00+00:00,0.0,0.0,0.847609608759262,0.0,0.0
2022-08-17 19:00:00+00:00,0.0,0.0,0.8457218368021143,0.0,0.0
2022-08-17 20:00:00+00:00,0.0,0.0,0.8419462928878192,0.0,0.0
2022-08-17 21:00:00+00:00,0.0,0.0,0.8419462928878192,0.0,0.0
2022-08-17 22:00:00+00:00,0.0,0.0,0.8473736372646185,0.0,0.0
2022-08-17 23:00:00+00:00,0.0,0.0,0.847609608759262,0.0,0.0
2022-08-18 00:00:00+00:00,0.0,0.0,0.847609608759262,0.0,0.0
2022-08-18 01:00:00+00:00,0.0,0.0,0.847609608759262,0.0,0.0
2022-08-18 02:00:00+00:00,0.0,0.0,0.8608240124592951,0.0,0.0
2022-08-18 03:00:00+00:00,0.0,0.0,0.8664873283307376,0.0,0.0
2022-08-18 04:00:00+00:00,0.0,0.0,0.8702628722450328,0.0,0.0
2022-08-18 05:00:00+00:00,0.0,0.0,0.8806456180093445,0.0,0.0
2022-08-18 06:00:00+00:00,0.0,0.0,0.8877247628486479,0.0,0.0
2022-08-18 07:00:00+00:00,0.0,0.0,0.8910283637736562,0.0,0.0
2022-08-18 08:00:00+00:00,0.0,0.0,0.8926801642361604,0.0,0.0
2022-08-18 09:00:00+00:00,0.0,0.0,0.900939166548681,0.0,0.0
2022-08-18 10:00:00+00:00,0.0,0.0,0.9025909670111851,0.0,0.0
2022-08-18 11:00:00+00:00,0.0,0.0,0.9025909670111851,0.0,0.0
2022-08-18 12:00:00+00:00,0.0,0.0,0.9198168861201568,0.0,0.0
2022-08-18 13:00:00+00:00,0.0,0.0,0.9075463683986976,0.0,0.0
2022-08-18 14:00:00+00:00,0.0,0.0,0.9094341403558451,0.0,0.0
2022-08-18 15:00:00+00:00,0.0,0.0,0.9091981688612014,0.0,0.0
2022-08-18 16:00:00+00:00,0.0,0.0,0.9094341403558451,0.0,0.0
2022-08-18 17:00:00+00:00,0.0,0.0,0.9165132851951485,0.0,0.0
2022-08-18 18:00:00+00:00,0.0,0.0,0.9252442304969561,0.0,0.0
2022-08-18 19:00:00+00:00,0.0,0.0,0.914625513238001,0.0,0.0
2022-08-18 20:00:00+00:00,0.0,0.0,0.9181650856576528,0.0,0.0
2022-08-18 21:00:00+00:00,0.0,0.0,0.9217046580773044,0.0,0.0
2022-08-18 22:00:00+00:00,0.0,0.0,0.9214686865826608,0.0,0.0
2022-08-18 23:00:00+00:00,0.0,0.0,0.923120487045165,0.0,0.0
2022-08-19 00:00:00+00:00,0.0,0.0,0.9214686865826608,0.0,0.0
2022-08-19 01:00:00+00:00,0.0,0.0,0.9250082590023125,0.0,0.0
2022-08-19 02:00:00+00:00,0.0,0.0,0.9212327150880174,0.0,0.0
2022-08-19 03:00:00+00:00,0.0,0.0,0.9268960309594602,0.0,0.0
2022-08-19 04:00:00+00:00,0.0,0.0,0.9306715748737553,0.0,0.0
2022-08-19 05:00:00+00:00,0.0,0.0,0.9287838029166079,0.0,0.0
2022-08-19 06:00:00+00:00,0.0,0.0,0.934211147293407,0.0,0.0
2022-08-19 07:00:00+00:00,0.0,0.0,0.9360989192505547,0.0,0.0
2022-08-19 08:00:00+00:00,0.0,0.0,0.9323233753362595,0.0,0.0
2022-08-19 09:00:00+00:00,0.0,0.0,0.9375147482184153,0.0,0.0
2022-08-19 10:00:00+00:00,0.0,0.0,0.9415262636273539,0.0,0.0
2022-08-19 11:00:00+00:00,0.0,0.0,0.9431780640898582,0.0,0.0
2022-08-19 12:00:00+00:00,0.0,0.0,0.9516730378970222,0.0,0.0
2022-08-19 13:00:00+00:00,0.0,0.0,0.941054320638067,0.0,0.0
2022-08-19 14:00:00+00:00,0.0,0.0,0.9448298645523622,0.0,0.0
2022-08-19 15:00:00+00:00,0.0,0.0,0.9483694369720138,0.0,0.0
2022-08-19 16:00:00+00:00,0.0,0.0,0.9483694369720138,0.0,0.0
2022-08-19 17:00:00+00:00,0.0,0.0,0.9519090093916656,0.0,0.0
2022-08-19 18:00:00+00:00,0.0,0.0,0.9516730378970222,0.0,0.0
2022-08-19 19:00:00+00:00,0.0,0.0,0.9535608098541698,0.0,0.0
2022-08-19 20:00:00+00:00,0.0,0.0,0.950021237434518,0.0,0.0
2022-08-19 21:00:00+00:00,0.0,0.0,1.0052385671810846,0.0,0.0
2022-08-19 22:00:00+00:00,0.0,0.0,1.123224314502808,0.0,0.0
2022-08-19 23:00:00+00:00,0.0,0.0,1.1269998584171035,0.0,0.0
2022-08-20 00:00:00+00:00,0.0,0.0,1.1194487705885132,0.0,0.0
2022-08-20 01:00:00+00:00,0.0,0.0,1.0918401057152298,0.0,0.0
2022-08-20 02:00:00+00:00,0.0,0.0,1.0562084100240692,0.0,0.0
2022-08-20 03:00:00+00:00,0.0,0.0,1.0420501203454624,0.0,0.0
2022-08-20 04:00:00+00:00,0.0,0.0,1.0210486573221957,0.0,0.0
2022-08-20 05:00:00+00:00,0.0,0.0,1.0134975694936053,0.0,0.0
2022-08-20 06:00:00+00:00,0.0,0.0,1.0031148237292937,0.0,0.0
2022-08-20 07:00:00+00:00,0.0,0.0,0.9960356788899902,0.0,0.0
2022-08-20 08:00:00+00:00,0.0,0.0,0.994383878427486,0.0,0.0
2022-08-20 09:00:00+00:00,0.0,0.0,0.994383878427486,0.0,0.0
2022-08-20 10:00:00+00:00,0.0,0.0,1.0031148237292937,0.0,0.0
2022-08-20 11:00:00+00:00,0.0,0.0,1.0080702251168059,0.0,0.0
2022-08-20 12:00:00+00:00,0.0,0.0,1.0314314030865073,0.0,0.0
2022-08-20 13:00:00+00:00,0.0,0.0,1.0227004577846996,0.0,0.0
2022-08-20 14:00:00+00:00,0.0,0.0,1.036622775968663,0.0,0.0
2022-08-20 15:00:00+00:00,0.0,0.0,1.036622775968663,0.0,0.0
2022-08-20 16:00:00+00:00,0.0,0.0,1.0472414932276182,0.0,0.0
2022-08-20 17:00:00+00:00,0.0,0.0,1.0434659493133231,0.0,0.0
2022-08-20 18:00:00+00:00,0.0,0.0,1.0510170371419134,0.0,0.0
2022-08-20 19:00:00+00:00,0.0,0.0,1.0507810656472698,0.0,0.0
2022-08-20 20:00:00+00:00,0.0,0.0,1.0488932936901223,0.0,0.0
2022-08-20 21:00:00+00:00,0.0,0.0,1.0437019208079665,0.0,0.0
2022-08-20 22:00:00+00:00,0.0,0.0,1.0382745764311672,0.0,0.0
2022-08-20 23:00:00+00:00,0.0,0.0,1.028127802161499,0.0,0.0
2022-08-21 00:00:00+00:00,0.0,0.0,1.028127802161499,0.0,0.0
2022-08-21 01:00:00+00:00,0.0,0.0,1.0172731134079005,0.0,0.0
2022-08-21 02:00:00+00:00,0.0,0.0,1.0156213129453964,0.0,0.0
2022-08-21 03:00:00+00:00,0.0,0.0,1.0083061966114495,0.0,0.0
2022-08-21 04:00:00+00:00,0.0,0.0,1.0066543961489454,0.0,0.0
2022-08-21 05:00:00+00:00,0.0,0.0,1.0028788522346501,0.0,0.0
2022-08-21 06:00:00+00:00,0.0,0.0,0.992732077964982,0.0,0.0
2022-08-21 07:00:00+00:00,0.0,0.0,0.9908443060078344,0.0,0.0
2022-08-21 08:00:00+00:00,0.0,0.0,0.9856529331256786,0.0,0.0
2022-08-21 09:00:00+00:00,0.0,0.0,0.9764500448345841,0.0,0.0
2022-08-21 10:00:00+00:00,0.0,0.0,0.9747982443720801,0.0,0.0
2022-08-21 11:00:00+00:00,0.0,0.0,0.965831327575629,0.0,0.0
2022-08-21 12:00:00+00:00,0.0,0.0,0.9783378167917317,0.0,0.0
2022-08-21 13:00:00+00:00,0.0,0.0,0.9554485818113173,0.0,0.0
2022-08-21 14:00:00+00:00,0.0,0.0,0.9587521827363256,0.0,0.0
2022-08-21 15:00:00+00:00,0.0,0.0,0.9552126103166738,0.0,0.0
2022-08-21 16:00:00+00:00,0.0,0.0,0.9483694369720138,0.0,0.0
2022-08-21 17:00:00+00:00,0.0,0.0,0.950021237434518,0.0,0.0
2022-08-21 18:00:00+00:00,0.0,0.0,0.9516730378970222,0.0,0.0
2022-08-21 19:00:00+00:00,0.0,0.0,0.9396384916702064,0.0,0.0
2022-08-21 20:00:00+00:00,0.0,0.0,0.9467176365095098,0.0,0.0
2022-08-21 21:00:00+00:00,0.0,0.0,0.939402520175563,0.0,0.0
2022-08-21 22:00:00+00:00,0.0,0.0,0.9431780640898582,0.0,0.0
2022-08-21 23:00:00+00:00,0.0,0.0,0.9360989192505547,0.0,0.0
2022-08-22 00:00:00+00:00,0.0,0.0,0.939402520175563,0.0,0.0
2022-08-22 01:00:00+00:00,0.0,0.0,0.9377507197130588,0.0,0.0
2022-08-22 02:00:00+00:00,0.0,0.0,0.9448298645523622,0.0,0.0
2022-08-22 03:00:00+00:00,0.0,0.0,0.9412902921327104,0.0,0.0
2022-08-22 04:00:00+00:00,0.0,0.0,0.9516730378970222,0.0,0.0
2022-08-22 05:00:00+00:00,0.0,0.0,0.9516730378970222,0.0,0.0
2022-08-22 06:00:00+00:00,0.0,0.0,0.950021237434518,0.0,0.0
2022-08-22 07:00:00+00:00,0.0,0.0,0.9516730378970222,0.0,0.0
2022-08-22 08:00:00+00:00,0.0,0.0,0.9516730378970222,0.0,0.0
2022-08-22 09:00:00+00:00,0.0,0.0,0.9483694369720138,0.0,0.0
2022-08-22 10:00:00+00:00,0.0,0.0,0.9533248383595262,0.0,0.0
2022-08-22 11:00:00+00:00,0.0,0.0,0.9604039831988296,0.0,0.0
2022-08-22 12:00:00+00:00,0.0,0.0,0.9818773892113835,0.0,0.0
2022-08-22 13:00:00+00:00,0.0,0.0,0.9731464439095758,0.0,0.0
2022-08-22 14:00:00+00:00,0.0,0.0,1.024352258247204,0.0,0.0
2022-08-22 15:00:00+00:00,0.0,0.0,1.0333191750436548,0.0,0.0
2022-08-22 16:00:00+00:00,0.0,0.0,1.036622775968663,0.0,0.0
2022-08-22 17:00:00+00:00,0.0,0.0,1.0418141488508188,0.0,0.0
2022-08-22 18:00:00+00:00,0.0,0.0,1.0833451319080656,0.000896691679645099,0.0
2022-08-22 19:00:00+00:00,0.0,0.0,3.280711690027845,0.5288357166454293,0.0032092123271508805
2022-08-22 20:00:00+00:00,0.0,0.0,6.255604322997782,0.5708150455424985,0.02265326348577092
2022-08-22 21:00:00+00:00,0.0,0.0,11.56968238236821,0.3158242484307896,0.03624522157723347
2022-08-22 22:00:00+00:00,0.0,0.0,29.635660012270517,0.1932842512624475,0.0405870970786729
2022-08-22 23:00:00+00:00,0.0,0.0,24.163481051488983,0.1282033130397848,0.03794421633866629
2022-08-23 00:00:00+00:00,0.0,0.0,16.08617678984379,0.08251923167681344,0.03416867242437114
2022-08-23 01:00:00+00:00,0.0,0.0,10.661192127990939,0.05255085185709566,0.03039312851007599
2022-08-23 02:00:00+00:00,0.0,0.0,7.37882863750059,0.036410401623483885,0.027372693378639863
2022-08-23 03:00:00+00:00,0.0,0.0,5.446222096370759,0.026759167492566897,0.024918589834348012
2022-08-23 04:00:00+00:00,0.0,0.0,4.1153428665817176,0.02081268582755203,0.022842040681485678
2022-08-23 05:00:00+00:00,0.0,0.0,3.20921232715088,0.016329227429326538,0.02189815470291189
2022-08-23 06:00:00+00:00,0.0,0.0,2.6022936429279344,0.012789655009674833,0.02038793713719383
2022-08-23 07:00:00+00:00,0.0,0.0,2.1874557553447547,0.01012317712020388,0.01944405115862004
2022-08-23 08:00:00+00:00,0.0,0.0,1.900042474869036,0.008589362405021474,0.018122610788616735
2022-08-23 09:00:00+00:00,0.0,0.0,1.7202321959507292,0.007362310632875549,0.018122610788616735
2022-08-23 10:00:00+00:00,0.0,0.0,2.0734815234319695,0.00651281325215914,0.01661239322289868
2022-08-23 11:00:00+00:00,0.0,0.0,4.542451271886356,0.01172778328377932,0.015857284440039646
2022-08-23 12:00:00+00:00,0.0,0.0,7.971117089055642,0.020529520033979898,0.01623483883146916
2022-08-23 13:00:00+00:00,0.0,0.0,9.818773892113834,0.02506017273113408,0.01623483883146916
2022-08-23 14:00:00+00:00,0.0,0.0,10.17037141913257,0.027183916182925105,0.015857284440039646
2022-08-23 15:00:00+00:00,0.0,0.0,9.783378167917316,0.025768087215064423,0.015857284440039646
2022-08-23 16:00:00+00:00,0.0,0.0,9.139175987540705,0.02350276086648733,0.01698994761432819
2022-08-23 17:00:00+00:00,0.0,0.0,8.638916418896597,0.046580773042616465,0.018122610788616735
2022-08-23 18:00:00+00:00,0.0,0.0,8.395865779413848,0.10694228137241023,0.02529614422577753
2022-08-23 19:00:00+00:00,0.0,0.0,8.244844022842042,0.13145971966586437,0.03133701448864978
2022-08-23 20:00:00+00:00,0.0,0.0,7.872009061305395,0.10342630610222285,0.034546226815800656
2022-08-23 21:00:00+00:00,0.0,0.0,7.241965170607391,0.10116097975364577,0.032847232054367834
2022-08-23 22:00:00+00:00,0.0,0.0,6.633158714427298,0.10212846288168391,0.03001557411864647
2022-08-23 23:00:00+00:00,0.0,0.0,6.1093019963188455,0.09101420548397754,0.027561470574354617
2022-08-24 00:00:00+00:00,0.0,0.0,5.616121572514041,0.07603001557411865,0.02510736703006277
2022-08-24 01:00:00+00:00,0.0,0.0,5.167775732691491,0.06257964037944216,0.024918589834348012
2022-08-24 02:00:00+00:00,0.0,0.0,4.783142196422673,0.05054509415262636,0.024541035442918496
2022-08-24 03:00:00+00:00,0.0,0.0,4.452782103921846,0.04240407758742744,0.031502194534900184
2022-08-24 04:00:00+00:00,0.0,0.0,4.162537165510407,0.04077587427438766,0.16529803199773466
2022-08-24 05:00:00+00:00,0.0,0.0,3.907687951295484,0.04304120062296476,0.5174854877530796
2022-08-24 06:00:00+00:00,0.0,0.0,3.702392750955685,0.04304120062296476,1.3271036858747465
2022-08-24 07:00:00+00:00,0.0,0.0,3.485298975883713,0.04228609184010572,5.554768983906744
2022-08-24 08:00:00+00:00,0.0,0.0,3.2894426353296526,0.03718910755580727,7.886167350984001
2022-08-24 09:00:00+00:00,0.0,0.0,3.1360611638114118,0.03301241210061825,8.155174854877531
2022-08-24 10:00:00+00:00,0.0,0.0,2.9850394072396056,0.02916607673793006,8.060786257020153
2022-08-24 11:00:00+00:00,0.0,0.0,2.8703572608428907,0.026051253008636557,7.831893907216008
2022-08-24 12:00:00+00:00,0.0,0.0,2.7823398933408843,0.02314880362452216,7.631318136769079
2022-08-24 13:00:00+00:00,0.0,0.0,2.692670725376374,0.021025060172731137,7.595922412572562
2022-08-24 14:00:00+00:00,0.0,0.0,2.6296663363065744,0.019160885365047904,7.740723102467404
2022-08-24 15:00:00+00:00,0.0,0.0,2.5945065836047005,0.017461890603615082,8.192930294020483
2022-08-24 16:00:00+00:00,0.0,0.0,2.5647741752796263,0.01663599037236302,8.848931049129266
2022-08-24 17:00:00+00:00,0.0,0.0,2.5553353154938887,0.014724621265751098,9.330312898201898
2022-08-24 18:00:00+00:00,0.0,0.0,2.5584029449242536,0.013072820803246968,9.6795507102742
2022-08-24 19:00:00+00:00,0.0,0.0,2.5617065458492614,0.011255840294492427,9.882486195667564
2022-08-24 20:00:00+00:00,0.0,0.0,2.5831799518618155,0.01052432866109774,9.851809901363916
2022-08-24 21:00:00+00:00,0.0,0.0,2.5735051205814337,0.009344471187880505,9.710227004577849
2022-08-24 22:00:00+00:00,0.0,0.0,2.5739770635707204,0.008400585209306716,9.429420925952146
2022-08-24 23:00:00+00:00,0.0,0.0,2.566897918731417,0.007928642220019823,9.174571711737222
2022-08-25 00:00:00+00:00,0.0,0.0,2.54518854122422,0.00726792203501817,8.83477275945066
2022-08-25 01:00:00+00:00,0.0,0.0,2.5230072207277363,0.006795979045731276,8.506772381896267
2022-08-25 02:00:00+00:00,0.0,0.0,2.4892632969937236,0.006795979045731276,8.282599461984992
2022-08-25 03:00:00+00:00,0.0,0.0,2.466846005002596,0.006701590447873897,8.04898768228798
2022-08-25 04:00:00+00:00,0.0,0.0,2.4375855396668085,0.006795979045731276,7.7611024588229744
2022-08-25 05:00:00+00:00,0.0,0.0,2.4059653593845867,0.006795979045731276,7.454339515786494
2022-08-25 06:00:00+00:00,0.0,0.0,2.366794091273774,0.006701590447873897,7.126339138232102
2022-08-25 07:00:00+00:00,0.0,0.0,2.3358818254754827,0.006701590447873897,6.854971919392138
2022-08-25 08:00:00+00:00,0.0,0.0,2.296946528859314,0.006701590447873897,6.604842135070084
2022-08-25 09:00:00+00:00,0.0,0.0,2.266034263061022,0.006795979045731276,6.359431780640899
2022-08-25 10:00:00+00:00,0.0,0.0,2.2259191089716364,0.006795979045731276,6.116381141158149
2022-08-25 11:00:00+00:00,0.0,0.0,2.1950068431733447,0.006795979045731276,5.911085940818349
2022-08-25 12:00:00+00:00,0.0,0.0,2.1839161829251026,0.006795979045731276,5.701071310585682
2022-08-25 13:00:00+00:00,0.0,0.0,2.1419132568785693,0.006795979045731276,5.493416395299448
2022-08-25 14:00:00+00:00,0.0,0.0,2.114304592005286,0.006795979045731276,5.285761480013215
2022-08-25 15:00:00+00:00,0.0,0.0,2.08787578460522,0.007079144839303412,5.068667704941244
2022-08-25 16:00:00+00:00,0.0,0.0,2.070177922506961,0.007739865024305065,4.8893293690122235
2022-08-25 17:00:00+00:00,0.0,0.0,2.043513143612252,0.007834253622162444,4.743027042333287
2022-08-25 18:00:00+00:00,0.0,0.0,2.0192080796639766,0.007079144839303412,4.568408136297136
2022-08-25 19:00:00+00:00,0.0,0.0,2.0038699325121527,0.006890367643588654,4.448062674028978
2022-08-25 20:00:00+00:00,0.0,0.0,1.9753173816602958,0.006795979045731276,4.330076926707254
2022-08-25 21:00:00+00:00,0.0,0.0,1.9589409599320402,0.006654396148945208,4.219170324224834
2022-08-25 22:00:00+00:00,0.0,0.0,1.9347302845816228,0.006088064561800935,4.141299730992496
2022-08-25 23:00:00+00:00,0.0,0.0,1.920571994903016,0.005946481665014866,4.077587427438766
2022-08-26 00:00:00+00:00,0.0,0.0,1.9139647930529993,0.005852093067157488,3.9218462409740904
2022-08-26 01:00:00+00:00,0.0,0.0,1.914908679031573,0.0049082070885837,3.85813393742036
2022-08-26 02:00:00+00:00,0.0,0.0,1.9177403369672947,0.004813818490726321,3.7944216338666292
2022-08-26 03:00:00+00:00,0.0,0.0,1.9311907121619711,0.005073387134834112,3.7448676199915054
2022-08-26 04:00:00+00:00,0.0,0.0,1.9451130303459343,0.005096984284298458,3.638680447401954
2022-08-26 05:00:00+00:00,0.0,0.0,1.9616310349709754,0.005096984284298458,3.5324932748124027
2022-08-26 06:00:00+00:00,0.0,0.0,1.982396526499599,0.005096984284298458,3.4687809712586724
2022-08-26 07:00:00+00:00,0.0,0.0,1.996554816178206,0.005096984284298458,3.4546226815800654
2022-08-26 08:00:00+00:00,0.0,0.0,2.0128368493086035,0.005096984284298458,3.4050686677049415
2022-08-26 09:00:00+00:00,0.0,0.0,2.0293548539336452,0.005096984284298458,3.56788899900892
2022-08-26 10:00:00+00:00,0.0,0.0,2.0456368870640427,0.005096984284298458,3.6740761715984713
2022-08-26 11:00:00+00:00,0.0,0.0,2.046580773042616,0.005167775732691491,3.5608098541696167
2022-08-26 12:00:00+00:00,0.0,0.0,2.074661380905187,0.00530935862947756,3.5395724196517064
2022-08-26 13:00:00+00:00,0.0,0.0,2.061446977205154,0.005875690216621832,3.5254141299730994
2022-08-26 14:00:00+00:00,0.0,0.0,2.0730095804426827,0.005946481665014866,3.3979895228656383
2022-08-26 15:00:00+00:00,0.0,0.0,2.0760772098730476,0.005946481665014866,3.3271980744726037
2022-08-26 16:00:00+00:00,0.0,0.0,2.077257067346265,0.005946481665014866,3.291802350276087
2022-08-26 17:00:00+00:00,0.0,0.0,2.077493038840908,0.005946481665014866,3.1313417339185428
2022-08-26 18:00:00+00:00,0.0,0.0,2.0619189201944406,0.0055217329746566615,3.258766341026004
2022-08-26 19:00:00+00:00,0.0,0.0,2.054131860871207,0.00530935862947756,3.171456888007929
2022-08-26 20:00:00+00:00,0.0,0.0,2.0369059417622353,0.005096984284298458,3.03459342111473
2022-08-26 21:00:00+00:00,0.0,0.0,2.0151965642550382,0.005096984284298458,2.9590825428288263
2022-08-26 22:00:00+00:00,0.0,0.0,1.9769691821228,0.004884609939119354,2.91141630091085
2022-08-26 23:00:00+00:00,0.0,0.0,1.9481806597762992,0.004389069800368116,2.846760111378546
2022-08-27 00:00:00+00:00,0.0,0.0,1.9158525650101468,0.004247486903582048,2.801925527396291
2022-08-27 01:00:00+00:00,0.0,0.0,1.8887158431261506,0.0040115154089386,2.770777290103356
2022-08-27 02:00:00+00:00,0.0,0.0,1.8776251828779082,0.0037283496153664645,2.787767237717684
2022-08-27 03:00:00+00:00,0.0,0.0,1.8561517768653546,0.0036811553164377746,2.723347019680023
2022-08-27 04:00:00+00:00,0.0,0.0,1.8476568030581908,0.0036811553164377746,2.7946104110623438
2022-08-27 05:00:00+00:00,0.0,0.0,1.8254754825617063,0.0036811553164377746,2.760158572844401
2022-08-27 06:00:00+00:00,0.0,0.0,1.8162725942706122,0.0038699325121525326,2.7004577846996085
2022-08-27 07:00:00+00:00,0.0,0.0,1.7959790457312759,0.004247486903582048,2.6022936429279344
2022-08-27 08:00:00+00:00,0.0,0.0,1.7853603284723207,0.004247486903582048,2.6022936429279344
2022-08-27 09:00:00+00:00,0.0,0.0,1.7726178677615745,0.004247486903582048,2.540705082825995
2022-08-27 10:00:00+00:00,0.0,0.0,1.7641228939544105,0.004247486903582048,2.4913870404455145
2022-08-27 11:00:00+00:00,0.0,0.0,1.7556279201472462,0.004247486903582048,2.535513709943839
2022-08-27 12:00:00+00:00,0.0,0.0,1.7556279201472462,0.0044598612487611496,2.5409410543206383
2022-08-27 13:00:00+00:00,0.0,0.0,1.7386379725329182,0.005026192835905423,2.5239511067063103
2022-08-27 14:00:00+00:00,0.0,0.0,1.7301429987257542,0.005096984284298458,2.53079428005097
2022-08-27 15:00:00+00:00,0.0,0.0,1.725895511822172,0.005450941526263628,2.5076690735759124
2022-08-27 16:00:00+00:00,0.0,0.0,1.723771768370381,0.005875690216621832,2.4913870404455145
2022-08-27 17:00:00+00:00,0.0,0.0,1.723771768370381,0.005875690216621832,2.453395629807919
2022-08-27 18:00:00+00:00,0.0,0.0,1.7152767945632168,0.005450941526263628,2.480532351691916
2022-08-27 19:00:00+00:00,0.0,0.0,1.719524281466799,0.005167775732691491,2.3955826136202747
2022-08-27 20:00:00+00:00,0.0,0.0,1.713153051111426,0.005096984284298458,2.276652980319977
2022-08-27 21:00:00+00:00,0.0,0.0,1.7152767945632168,0.005096984284298458,2.2115248477983864
2022-08-27 22:00:00+00:00,0.0,0.0,1.7174005380150081,0.004743027042333286,2.2065694464108736
2022-08-27 23:00:00+00:00,0.0,0.0,1.713153051111426,0.004365472650903771,2.1768370380857993
2022-08-28 00:00:00+00:00,0.0,0.0,1.711029307659635,0.004247486903582048,2.103685874746331
2022-08-28 01:00:00+00:00,0.0,0.0,1.7004105904006799,0.004200292604653358,2.065458492614092
2022-08-28 02:00:00+00:00,0.0,0.0,1.6961631034970976,0.004105904006795979,2.051064231440842
2022-08-28 03:00:00+00:00,0.0,0.0,1.6982868469488888,0.003964321110009911,2.084336212185568
2022-08-28 04:00:00+00:00,0.0,0.0,1.6982868469488888,0.003964321110009911,2.0793808107980554
2022-08-28 05:00:00+00:00,0.0,0.0,1.6982868469488888,0.0038699325121525326,2.0321865118693663
2022-08-28 06:00:00+00:00,0.0,0.0,1.6897918731417247,0.003917126811081222,2.0463448015479733
2022-08-28 07:00:00+00:00,0.0,0.0,1.6940393600453065,0.0040115154089386,2.065222521119449
2022-08-28 08:00:00+00:00,0.0,0.0,1.6919156165935156,0.003822738213223843,2.06050309122658
2022-08-28 09:00:00+00:00,0.0,0.0,1.6897918731417247,0.004105904006795979,2.0321865118693663
2022-08-28 10:00:00+00:00,0.0,0.0,1.6919156165935156,0.004153098305724669,1.9944310727264145
2022-08-28 11:00:00+00:00,0.0,0.0,1.6961631034970976,0.004247486903582048,1.9802727830478077
2022-08-28 12:00:00+00:00,0.0,0.0,1.719524281466799,0.004247486903582048,1.9849922129406767
2022-08-28 13:00:00+00:00,0.0,0.0,1.7025343338524708,0.004719429892868942,2.0180282221907593
2022-08-28 14:00:00+00:00,0.0,0.0,1.713153051111426,0.005002595686441078,2.0038699325121527
2022-08-28 15:00:00+00:00,0.0,0.0,1.713153051111426,0.005852093067157488,1.9524281466798812
2022-08-28 16:00:00+00:00,0.0,0.0,1.7152767945632168,0.005946481665014866,1.9800368115531644
2022-08-28 17:00:00+00:00,0.0,0.0,1.711029307659635,0.005852093067157488,1.9616310349709754
2022-08-28 18:00:00+00:00,0.0,0.0,1.711029307659635,0.005474538675727972,1.9432252583887868
2022-08-28 19:00:00+00:00,0.0,0.0,1.711029307659635,0.00566331587144273,1.9245835103119542
2022-08-28 20:00:00+00:00,0.0,0.0,1.7018264193685404,0.005285761480013215,1.9066496767190524
2022-08-28 21:00:00+00:00,0.0,0.0,1.6947472745292371,0.004813818490726321,1.8752654679314742
2022-08-28 22:00:00+00:00,0.0,0.0,1.6817688423238475,0.004719429892868942,1.8398697437349572
2022-08-28 23:00:00+00:00,0.0,0.0,1.6669026381613101,0.004389069800368116,1.8051819340223703
2022-08-29 00:00:00+00:00,0.0,0.0,1.6650148662041628,0.004247486903582048,1.8143848223134647
2022-08-29 01:00:00+00:00,0.0,0.0,1.643069517202322,0.004247486903582048,1.809901363915239
2022-08-29 02:00:00+00:00,0.0,0.0,1.63882203029874,0.004247486903582048,1.8443532021331825
2022-08-29 03:00:00+00:00,0.0,0.0,1.6282033130397848,0.004247486903582048,1.835622256831375
2022-08-29 04:00:00+00:00,0.0,0.0,1.6133371088772477,0.0041766954551890135,1.7926754448062676
2022-08-29 05:00:00+00:00,0.0,0.0,1.6069658785218746,0.004035112558402945,1.7754495256972957
2022-08-29 06:00:00+00:00,0.0,0.0,1.5920996743593376,0.0041766954551890135,1.806597762990231
2022-08-29 07:00:00+00:00,0.0,0.0,1.5878521874557554,0.004247486903582048,1.7372221435650574
2022-08-29 08:00:00+00:00,0.0,0.0,1.5857284440039645,0.004247486903582048,1.7372221435650574
2022-08-29 09:00:00+00:00,0.0,0.0,1.5814809571003825,0.004247486903582048,1.7461890603615084
2022-08-29 10:00:00+00:00,0.0,0.0,1.5878521874557554,0.004247486903582048,1.6579357213648593
2022-08-29 11:00:00+00:00,0.0,0.0,1.5920996743593376,0.004247486903582048,1.669970267591675
2022-08-29 12:00:00+00:00,0.0,0.0,1.61829251026476,0.004247486903582048,1.686252300722073
2022-08-29 13:00:00+00:00,0.0,0.0,1.610269479446883,0.004672235593940252,1.656755863891642
2022-08-29 14:00:00+00:00,0.0,0.0,1.629855113502289,0.004813818490726321,1.4141771673981782
2022-08-29 15:00:00+00:00,0.0,0.0,1.6444853461701827,0.004813818490726321,1.4469772051536176
2022-08-29 16:00:00+00:00,0.0,0.0,1.6635990372363019,0.004813818490726321,1.4469772051536176
2022-08-29 17:00:00+00:00,0.0,0.0,1.6912077021095853,0.004813818490726321,1.4167728538392563
2022-08-29 18:00:00+00:00,0.0,0.0,1.7081976497239133,0.004813818490726321,1.4016706781820758
2022-08-29 19:00:00+00:00,0.0,0.0,1.7251875973382418,0.004766624191797631,1.3910519609231207
2022-08-29 20:00:00+00:00,0.0,0.0,1.7421775449525698,0.004625041295011563,1.3521166643069518
2022-08-29 21:00:00+00:00,0.0,0.0,1.759167492566898,0.004294681202510736,1.306338194346123
2022-08-29 22:00:00+00:00,0.0,0.0,1.7763934116758695,0.004247486903582048,1.302562650431828
2022-08-29 23:00:00+00:00,0.0,0.0,1.7825286705365992,0.004247486903582048,1.277785643494266
2022-08-30 00:00:00+00:00,0.0,0.0,1.7888999008919726,0.0036103638680447404,1.267638869224598
2022-08-30 01:00:00+00:00,0.0,0.0,1.7931473877955544,0.003397989522865638,1.2346028599745151
2022-08-30 02:00:00+00:00,0.0,0.0,1.7952711312473455,0.003303600925008259,1.2379064608995234
2022-08-30 03:00:00+00:00,0.0,0.0,1.801878333097362,0.0028788522346500545,1.2478172636745481
2022-08-30 04:00:00+00:00,0.0,0.0,1.8063617914955874,0.0028316579357213654,1.2643352682995894
2022-08-30 05:00:00+00:00,0.0,0.0,1.8202841096795512,0.0028316579357213654,1.2610316673745812
2022-08-30 06:00:00+00:00,0.0,0.0,1.8202841096795512,0.0028788522346500545,1.2478172636745481
2022-08-30 07:00:00+00:00,0.0,0.0,1.8313747699277927,0.002926046533578744,1.24451366274954
2022-08-30 08:00:00+00:00,0.0,0.0,1.8665345226296666,0.004530652697154184,1.2346028599745151
2022-08-30 09:00:00+00:00,0.0,0.0,2.333522110529048,0.06987115956392467,1.268346783708528
2022-08-30 10:00:00+00:00,0.0,0.0,2.6358015951673037,0.6290764075699655,1.543253574968144
2022-08-30 11:00:00+00:00,0.0,0.0,2.5482561706545854,1.4422577752607486,1.5059700788144794
2022-08-30 12:00:00+00:00,0.0,0.0,2.4423049695596775,0.9875407050828261,1.513285195148426
2022-08-30 13:00:00+00:00,0.0,0.0,2.4175279626221156,0.7534569823965266,1.8960309594600973
2022-08-30 14:00:00+00:00,0.0,0.0,2.484307895606211,0.6670914153570249,1.9760252961442262
2022-08-30 15:00:00+00:00,0.0,0.0,2.539761196847421,0.5174854877530796,1.8457690311010433
2022-08-30 16:00:00+00:00,0.0,0.0,2.539761196847421,0.43253574968143854,1.8023502760866488
2022-08-30 17:00:00+00:00,0.0,0.0,2.55273962905281,0.47784227665298035,1.9262353107744588
2022-08-30 18:00:00+00:00,0.0,0.0,2.550143942611733,0.4226249469064137,1.9172683939780075
2022-08-30 19:00:00+00:00,0.0,0.0,2.5553353154938887,0.32472037377884755,1.985936098919251
2022-08-30 20:00:00+00:00,0.0,0.0,2.539761196847421,0.24592949171740056,1.9941951012317713
2022-08-30 21:00:00+00:00,0.0,0.0,2.506725187597338,0.18065977629902308,1.9262353107744583
2022-08-30 22:00:00+00:00,0.0,0.0,2.476992779272264,0.13129453961961396,2.1622068054179056
2022-08-30 23:00:00+00:00,0.0,0.0,2.426258907923923,0.11343149747510502,2.2455047430270425
2022-08-31 00:00:00+00:00,0.0,0.0,3.1570626268346786,0.7619283590542263,2.3007220727736093
2022-08-31 01:00:00+00:00,0.0,0.0,6.746425031856152,0.8004153098305725,2.3474444287130116
2022-08-31 02:00:00+00:00,0.0,0.0,15.52692434753882,5.583321534758601,2.3162961914200766
2022-08-31 03:00:00+00:00,0.0,0.0,15.399499740431358,5.19845202699514,2.2160083061966116
2022-08-31 04:00:00+00:00,0.0,0.0,11.963754778422768,2.7320779649818303,2.2207277360894806
2022-08-31 05:00:00+00:00,0.0,0.0,9.301996318844685,1.9368540280334134,2.161262919439332
2022-08-31 06:00:00+00:00,0.0,0.0,7.508612959554487,1.4828448723394214,2.1463967152767944
2022-08-31 07:00:00+00:00,0.0,0.0,6.314597196658644,1.191184104960121,2.097314644390958
2022-08-31 08:00:00+00:00,0.0,0.0,5.5311718344424,1.0057105101703714,2.0359620557836617
2022-08-31 09:00:00+00:00,0.0,0.0,4.990797111708906,0.9186370286469396,1.9934871867478412
2022-08-31 10:00:00+00:00,0.0,0.0,4.650998159422342,0.967483128038133,1.9472367737977254
2022-08-31 11:00:00+00:00,0.0,0.0,4.4787389683326255,1.193307848411912,1.9368540280334139
2022-08-31 12:00:00+00:00,0.0,0.0,4.426825239511068,1.3249799424229554,1.9368540280334139
2022-08-31 13:00:00+00:00,0.0,0.0,4.351314361225164,1.3136533106800696,1.9510123177120207
2022-08-31 14:00:00+00:00,0.0,0.0,4.2970409174571715,1.2674028977299543,2.0029260465335788
2022-08-31 15:00:00+00:00,0.0,0.0,4.188494029921186,1.2010949077351456,2.3927509556845536
2022-08-31 16:00:00+00:00,0.0,0.0,4.063429137760159,1.1491811789135873,4.389069800368116
2022-08-31 17:00:00+00:00,0.0,0.0,3.9430836754920007,1.081929302940205,7.428382651375713
2022-08-31 18:00:00+00:00,0.0,0.0,3.8156590683845395,1.0198687998489784,9.07782339893341
2022-08-31 19:00:00+00:00,0.0,0.0,3.6693567417056023,0.9641795271131247,9.887205625560433
2022-08-31 20:00:00+00:00,0.0,0.0,3.56788899900892,0.9139175987540705,11.274718014063902
2022-08-31 21:00:00+00:00,0.0,0.0,4.188494029921186,1.227759686629855,10.4393789230261
2022-08-31 22:00:00+00:00,0.0,0.0,5.363632073245552,2.4979942422955306,10.727264146491104
2022-08-31 23:00:00+00:00,0.0,0.0,6.038510547925811,3.4357449620085894,10.536127235829913
2022-09-01 00:00:00+00:00,0.0,0.0,6.479777242909058,2.2471565434895466,11.024588229741846
2022-09-01 01:00:00+00:00,0.0,0.0,6.508093822266271,1.7830006135258862,12.154891689083959
2022-09-01 02:00:00+00:00,0.0,0.0,6.479777242909058,1.5288593137948936,13.728821558355751
2022-09-01 03:00:00+00:00,0.0,0.0,6.635518429373732,1.4396620888196707,16.1829251026476
2022-09-01 04:00:00+00:00,0.0,0.0,8.792297890414838,1.3818490726320263,16.822407853131345
2022-09-01 05:00:00+00:00,0.0,0.0,20.682901505498137,8.678087687007409,19.10661192127991
2022-09-01 06:00:00+00:00,0.0,0.0,44.881778281183635,5.901647081032611,37.696446269290675
2022-09-01 07:00:00+00:00,0.0,0.0,41.247817263674555,5.424984661852849,48.04379630940583
2022-09-01 08:00:00+00:00,0.0,0.0,32.13931757043749,11.53192694322526,126.62230402567371
2022-09-01 09:00:00+00:00,0.0,0.0,25.05545330124121,6.619000424748691,211.57204209731466
2022-09-01 10:00:00+00:00,0.0,0.0,19.609231204870454,4.384350370475247,181.39128793241775
2022-09-01 11:00:00+00:00,0.0,0.0,15.656708669592714,3.313039784793997,150.33743923734013
2022-09-01 12:00:00+00:00,0.0,0.0,13.120015102175657,2.7247628486478837,132.33281419604512
2022-09-01 13:00:00+00:00,0.0,0.0,11.491811789135873,2.4196517060739064,123.62546604370192
2022-09-01 14:00:00+00:00,0.0,0.0,10.285997451507859,2.1546557175893155,108.75926188116476
2022-09-01 15:00:00+00:00,0.0,0.0,9.29491717400538,2.0449289725801125,92.50082590023125
2022-09-01 16:00:00+00:00,0.0,0.0,8.433621218556798,2.070177922506961,81.24498560573883
2022-09-01 17:00:00+00:00,0.0,0.0,7.7894190381801875,2.013544763792534,75.7940440794752
2022-09-01 18:00:00+00:00,0.0,0.0,7.569965548161782,1.8990985888904621,73.29274623625467
2022-09-01 19:00:00+00:00,0.0,0.0,8.251923167681346,1.7950351597527017,70.50828259946199
2022-09-01 20:00:00+00:00,0.0,0.0,9.891925055453301,1.6928595025720894,65.71806125820002
2022-09-01 21:00:00+00:00,0.0,0.0,11.527207513332389,1.6022464486290058,60.71546557175893
2022-09-01 22:00:00+00:00,0.0,0.0,12.438057482656095,1.5203643399877296,56.06682712728303
2022-09-01 23:00:00+00:00,0.0,0.0,12.692906696871018,1.4436736042286091,51.06423144084195
2022-09-02 00:00:00+00:00,0.0,0.0,12.452215772334704,1.377601585728444,47.05271603190335
2022-09-02 01:00:00+00:00,0.0,0.0,12.041625371655105,1.3207324555193736,43.347963566001226
2022-09-02 02:00:00+00:00,0.0,0.0,11.524847798385956,1.268346783708528,40.351125584029454
2022-09-02 03:00:00+00:00,0.0,0.0,10.984473075652462,1.2242201142102034,37.6846476945585
2022-09-02 04:00:00+00:00,0.0,0.0,10.484213507008354,1.1805653877011657,35.11255840294493
2022-09-02 05:00:00+00:00,0.0,0.0,9.998112228042853,1.1406862051064233,32.894426353296524
2022-09-02 06:00:00+00:00,0.0,0.0,9.554485818113173,1.093019963188447,31.148237292935015
2022-09-02 07:00:00+00:00,0.0,0.0,9.113219123129927,1.0505450941526264,29.321817924394736
2022-09-02 08:00:00+00:00,0.0,0.0,8.730945301807541,1.0064184246543018,27.76676577469442
2022-09-02 09:00:00+00:00,0.0,0.0,8.3651894851102,0.9712586719524281,26.506677993298414
2022-09-02 10:00:00+00:00,0.0,0.0,8.037189107555808,0.9339751757987635,24.98702156779461
2022-09-02 11:00:00+00:00,0.0,0.0,7.699749870215679,0.9032988814951155,23.712775496719996
2022-09-02 12:00:00+00:00,0.0,0.0,7.430742366322149,0.8726225871914673,22.561234602859976
2022-09-02 13:00:00+00:00,0.0,0.0,7.119259993392799,0.8471376657699751,21.83916182925103
2022-09-02 14:00:00+00:00,0.0,0.0,6.852612204445704,0.8218887158431261,20.86459955637359
2022-09-02 15:00:00+00:00,0.0,0.0,6.616640709802256,0.7994714238519987,20.07645476426448
2022-09-02 16:00:00+00:00,0.0,0.0,6.380669215158809,0.7794138468073056,19.71777809240644
2022-09-02 17:00:00+00:00,0.0,0.0,6.163575440086838,0.7532210109018831,19.566756335834633
2022-09-02 18:00:00+00:00,0.0,0.0,5.979517674264949,0.729387889942895,19.585634055406107
2022-09-02 19:00:00+00:00,0.0,0.0,5.783661333710888,0.706734626457124,19.774411251120867
2022-09-02 20:00:00+00:00,0.0,0.0,5.590164708103261,0.6838453914767098,19.642267214120533
2022-09-02 21:00:00+00:00,0.0,0.0,5.424984661852849,0.6677993298409552,19.604511774977585
2022-09-02 22:00:00+00:00,0.0,0.0,5.276322620227477,0.6460899523337581,19.49124545754873
2022-09-02 23:00:00+00:00,0.0,0.0,5.0993439992448915,0.6250884893104914,19.151446505262168
2022-09-03 00:00:00+00:00,0.0,0.0,4.943602812780217,0.6095143706640239,18.776251828779085
2022-09-03 01:00:00+00:00,0.0,0.0,4.778422766529803,0.6019632828354335,18.337344848742273
2022-09-03 02:00:00+00:00,0.0,0.0,4.667516164047384,0.5918165085657653,17.929114163009107
2022-09-03 03:00:00+00:00,0.0,0.0,4.589645570815046,0.5889848506300439,18.16272594270612
2022-09-03 04:00:00+00:00,0.0,0.0,4.523573552314881,0.573174760488933,18.084855349473784
2022-09-03 05:00:00+00:00,0.0,0.0,4.443343244136108,0.5578366133371089,17.509084902543776
2022-09-03 06:00:00+00:00,0.0,0.0,4.379630940582378,0.5493416395299449,18.43645287649252
2022-09-03 07:00:00+00:00,0.0,0.0,4.311199207135778,0.5368351503138421,16.933314455613765
2022-09-03 08:00:00+00:00,0.0,0.0,4.256925763367786,0.5281042050120346,15.989428477039974
2022-09-03 09:00:00+00:00,0.0,0.0,4.209731464439096,0.5160696587852187,15.23667940912738
2022-09-03 10:00:00+00:00,0.0,0.0,4.209731464439096,0.512530086365567,14.493369201000519
2022-09-03 11:00:00+00:00,0.0,0.0,4.209731464439096,0.499787625654821,14.04502336117797
2022-09-03 12:00:00+00:00,0.0,0.0,4.2120911793855305,0.4983717966869603,13.752418707820096
2022-09-03 13:00:00+00:00,0.0,0.0,4.150738590778235,0.49813582519231686,13.42677804521214
2022-09-03 14:00:00+00:00,0.0,0.0,4.101184576903111,0.49554013875123887,14.25031856151777
2022-09-03 15:00:00+00:00,0.0,0.0,4.053990277974421,0.5012034546226816,17.47604889329369
2022-09-03 16:00:00+00:00,0.0,0.0,3.9949974043135597,0.5125300863655671,23.106328755486338
2022-09-03 17:00:00+00:00,0.0,0.0,3.9360045306526974,0.5290480909906083,35.23054415026665
2022-09-03 18:00:00+00:00,0.0,0.0,3.881731086884705,0.5347114068620512,41.247817263674555
2022-09-03 19:00:00+00:00,0.0,0.0,3.8132993534381048,0.544150266647789,40.84666572278069
2022-09-03 20:00:00+00:00,0.0,0.0,3.763745339562981,0.5382509792817028,38.227382132238425
2022-09-03 21:00:00+00:00,0.0,0.0,3.6905941762235126,0.5290480909906083,35.77327858794658
2022-09-03 22:00:00+00:00,0.0,0.0,3.6150832979376095,0.5111142573977064,33.15399499740431
2022-09-03 23:00:00+00:00,0.0,0.0,3.5608098541696167,0.4969559677190996,30.983057246684606
2022-09-04 00:00:00+00:00,0.0,0.0,3.5254141299730994,0.5679833876067771,28.85459436500071
2022-09-04 01:00:00+00:00,0.0,0.0,3.523054415026665,1.1881164755297562,26.893671244513666
2022-09-04 02:00:00+00:00,0.0,0.0,3.5962055783661335,1.4344707159375147,24.998820142526785
2022-09-04 03:00:00+00:00,0.0,0.0,3.6905941762235126,1.4040303931285103,23.321062815611878
2022-09-04 04:00:00+00:00,0.0,0.0,3.8510547925810563,1.3499929208551609,21.74949266128652
2022-09-04 05:00:00+00:00,0.0,0.0,4.013875123885035,1.2966633630657416,20.597951767426494
2022-09-04 06:00:00+00:00,0.0,0.0,4.157817735617538,1.2492330926424091,19.083014771815566
2022-09-04 07:00:00+00:00,0.0,0.0,4.2687243380999575,1.198499221294068,18.42465430176035
2022-09-04 08:00:00+00:00,0.0,0.0,4.341875501439427,1.1522488083439522,17.443012884043608
2022-09-04 09:00:00+00:00,0.0,0.0,4.367832365850205,1.1071782528670537,16.54632120439851
2022-09-04 10:00:00+00:00,0.0,0.0,4.351314361225164,1.05762423899193,15.6968238236821
2022-09-04 11:00:00+00:00,0.0,0.0,4.3064797772429095,1.0083061966114495,14.899240171787248
2022-09-04 12:00:00+00:00,0.0,0.0,4.2687243380999575,0.9653593845863419,14.299872575392893
2022-09-04 13:00:00+00:00,0.0,0.0,4.176695455189013,0.928311859927321,13.67454811458776
2022-09-04 14:00:00+00:00,0.0,0.0,4.084666572278069,0.8981075086129596,13.155410826372174
2022-09-04 15:00:00+00:00,0.0,0.0,3.9973571192599935,0.8653074708575206,12.390863183727406
2022-09-04 16:00:00+00:00,0.0,0.0,3.9194865260276557,0.8358110340270897,11.888243900136864
2022-09-04 17:00:00+00:00,0.0,0.0,3.8392562178488845,0.8039548822502243,11.3431497475105
2022-09-04 18:00:00+00:00,0.0,0.0,3.749587049884374,0.7756383028930106,10.906602482420125
2022-09-04 19:00:00+00:00,0.0,0.0,3.685874746330643,0.7496814384822313,10.519609231204871
2022-09-04 20:00:00+00:00,0.0,0.0,3.612723582991175,0.7237245740714522,10.243522582472037
2022-09-04 21:00:00+00:00,0.0,0.0,3.5513709943838787,0.6994195101231772,9.924961064703384
2022-09-04 22:00:00+00:00,0.0,0.0,3.504176695455189,0.6762943036481195,9.726745009202888
2022-09-04 23:00:00+00:00,0.0,0.0,3.4593421114729344,0.6541129831516352,9.50021237434518
2022-09-05 00:00:00+00:00,0.0,0.0,3.421586672329983,0.632875548633725,9.50021237434518
2022-09-05 01:00:00+00:00,0.0,0.0,3.407428382651376,0.6151776865354667,10.066543961489453
2022-09-05 02:00:00+00:00,0.0,0.0,3.419226957383548,0.5962999669639908,9.613478691774034
2022-09-05 03:00:00+00:00,0.0,0.0,3.3909103780263345,0.5816697342960971,9.797536457595923
2022-09-05 04:00:00+00:00,0.0,0.0,3.3366369342583417,0.5762423899192978,9.471895794987965
2022-09-05 05:00:00+00:00,0.0,0.0,3.3224786445797347,0.5564207843692482,8.827693614611356
2022-09-05 06:00:00+00:00,0.0,0.0,3.3342772193119075,0.5436783236585021,8.327434045967248
2022-09-05 07:00:00+00:00,0.0,0.0,3.381471518240597,0.5295200339798952,8.178772004341875
2022-09-05 08:00:00+00:00,0.0,0.0,3.421586672329983,0.5153617443012884,8.240124592949172
2022-09-05 09:00:00+00:00,0.0,0.0,3.4735004011515414,0.5012034546226816,8.254282882627779
2022-09-05 10:00:00+00:00,0.0,0.0,3.4947378356694516,0.48987682287979617,8.49261409221766
2022-09-05 11:00:00+00:00,0.0,0.0,3.492378120723017,0.47855019113691066,8.815895039879182
2022-09-05 12:00:00+00:00,0.0,0.0,3.513615555240927,0.46863938836188596,10.689508707348153
2022-09-05 13:00:00+00:00,0.0,0.0,3.4617018264193686,0.4615602435225825,20.93775071971306
2022-09-05 14:00:00+00:00,0.0,0.0,3.431025532115721,0.4599084430600784,28.677615744018123
2022-09-05 15:00:00+00:00,0.0,0.0,3.3979895228656383,0.44339043843503706,31.05384869507764
2022-09-05 16:00:00+00:00,0.0,0.0,3.357874368776252,0.44032280900467224,31.384208787578462
2022-09-05 17:00:00+00:00,0.0,0.0,3.3153994997404315,0.4275803482939261,31.21902874132805
2022-09-05 18:00:00+00:00,0.0,0.0,3.27764406059748,0.4214450894331965,30.3459342111473
2022-09-05 19:00:00+00:00,0.0,0.0,3.216291471990184,0.40823068573316346,29.425645382037853
2022-09-05 20:00:00+00:00,0.0,0.0,3.1903346075794046,0.39336448157062626,27.901269526641183
2022-09-05 21:00:00+00:00,0.0,0.0,3.1337014488649775,0.3851054792581056,26.301382792958613
2022-09-05 22:00:00+00:00,0.0,0.0,3.0794280050969847,0.3735428760205768,23.85199867855963
2022-09-05 23:00:00+00:00,0.0,0.0,3.036953136061164,0.36198027278304784,22.25683137476993
2022-09-06 00:00:00+00:00,0.0,0.0,2.9897588371324746,0.3487658690830147,20.73717494926613
2022-09-06 01:00:00+00:00,0.0,0.0,2.926046533578744,0.34121478125442445,19.500684317334468
2022-09-06 02:00:00+00:00,0.0,0.0,2.881211949596489,0.329888149511539,18.32082684411723
2022-09-06 03:00:00+00:00,0.0,0.0,2.846996082873189,0.3284723205436783,17.586955495776113
2022-09-06 04:00:00+00:00,0.0,0.0,2.7993298409552128,0.31431403086507154,16.433054886969657
